Rk,Player,Age,Team,Pos,G,GS,MP,FG,FGA,FG%,3P,3PA,3P%,2P,2PA,2P%,eFG%,FT,FTA,FT%,ORB,DRB,TRB,AST,STL,BLK,TOV,PF,PTS,Awards
1,Luka Dončić,26,LAL,PG,16,16,36.9,10.9,22.9,0.478,3.7,10.8,0.341,7.3,12.1,0.601,0.559,9.7,11.9,0.812,0.8,8.1,8.9,8.9,1.6,0.6,4.3,2.6,35.3,
2,Shai Gilgeous-Alexander,27,OKC,PG,23,23,33.3,10.8,19.4,0.556,2.2,5,0.443,8.6,14.4,0.595,0.613,9,10.2,0.881,0.5,4.3,4.7,6.4,1.4,0.7,1.7,2,32.8,
3,Tyrese Maxey,25,PHI,PG,22,22,39.9,10.7,22.9,0.467,3.6,9.4,0.382,7.1,13.5,0.527,0.546,6.7,7.5,0.886,0.3,4.3,4.6,7.1,1.7,0.9,2.6,2.3,31.6,
4,Donovan Mitchell,29,CLE,SG,22,22,34.2,10.6,20.9,0.507,3.9,10.2,0.378,6.7,10.7,0.63,0.599,5.5,6.6,0.836,0.9,4,4.9,5.6,1.5,0.3,3.5,2.4,30.6,
5,Austin Reaves,27,LAL,SG,19,19,36.6,8.9,16.9,0.525,2.9,7.8,0.372,6,9.2,0.655,0.61,8.6,9.8,0.882,0.7,4.8,5.5,6.8,1.1,0.1,3.4,2.3,29.3,
6,Nikola Jokić,30,DEN,C,22,22,34.9,10.5,17.2,0.608,2,4.9,0.407,8.5,12.3,0.689,0.667,6.3,7.4,0.858,3.1,9.3,12.4,11,1.4,0.8,3.5,2.8,29.2,
7,Jaylen Brown,29,BOS,SF,22,22,33.4,10.8,21.7,0.497,2.1,6,0.351,8.7,15.7,0.552,0.545,5.4,7,0.773,1,5.1,6.1,4.9,1.1,0.4,3.6,3.2,29,
8,Giannis Antetokounmpo,31,MIL,PF,17,17,29.1,11.1,17.3,0.639,0.6,1.4,0.435,10.5,15.9,0.657,0.656,6.2,9.8,0.635,3.3,6.8,10.1,6.1,0.9,0.9,3.3,2.8,28.9,
9,Anthony Edwards,24,MIN,SG,18,18,34,9.7,19.7,0.494,3.6,8.5,0.418,6.2,11.2,0.552,0.585,5.8,7,0.825,0.8,3.8,4.6,3.9,1.2,0.8,3,2.2,28.8,
10,Jalen Brunson,29,NYK,PG,20,20,34.6,9.8,20.7,0.473,2.8,7.5,0.369,7.1,13.3,0.532,0.54,5.6,6.4,0.867,0.5,2.7,3.2,6.3,0.8,0.1,2.3,2.4,27.9,
11,Stephen Curry,37,GSW,PG,16,16,31.1,9.1,19.4,0.471,4.7,12,0.391,4.4,7.4,0.602,0.592,4.9,5.4,0.919,0.3,3.4,3.7,4,1.3,0.6,3.1,2.2,27.9,
12,Cade Cunningham,24,DET,PG,20,20,36.7,9.6,21.2,0.453,1.9,6.2,0.298,7.8,15,0.517,0.496,6.7,8,0.836,1.5,5,6.4,9.2,1.6,0.8,4,3.4,27.7,
13,Lauri Markkanen,28,UTA,PF,22,22,35.1,9.2,19.5,0.472,3,8.3,0.361,6.2,11.2,0.555,0.549,6.2,6.8,0.907,2.2,4.4,6.5,2,0.8,0.4,1.2,1.7,27.6,
14,James Harden,36,LAC,PG,22,22,35.2,7.6,17.5,0.438,3.6,9.8,0.37,4,7.6,0.524,0.542,7.5,8.4,0.902,0.5,4.9,5.5,8.4,1,0.4,4,2,26.5,
15,Deni Avdija,25,POR,SF,23,23,34.5,7.8,16.4,0.477,2.5,6.7,0.377,5.3,9.7,0.547,0.554,8,9.9,0.815,1.3,6,7.2,6.2,0.6,0.6,3.6,3.2,26.2,
16,Victor Wembanyama,22,SAS,C,12,12,34.7,9.3,18.4,0.502,1.7,4.8,0.345,7.6,13.6,0.558,0.548,6,7,0.857,2,10.9,12.9,4,1.1,3.6,3.6,3.7,26.2,
17,Kawhi Leonard,34,LAC,SF,13,13,31.8,9.2,18.5,0.494,2.3,6,0.385,6.8,12.5,0.546,0.556,5.2,5.3,0.971,0.6,5.1,5.7,3.1,2,0.4,2,1.5,25.8,
18,Michael Porter Jr.,27,BRK,SF,18,18,32.8,9,18.4,0.488,3.4,8.9,0.385,5.6,9.5,0.585,0.581,3.9,4.8,0.814,1.2,6.3,7.5,3.2,0.9,0.2,2.2,2.3,25.3,
19,Kevin Durant,37,HOU,SF,18,18,35.6,8.7,17.3,0.502,1.8,4.6,0.386,6.9,12.7,0.544,0.553,6.1,6.8,0.886,0.3,4.7,5,3.9,1.1,0.7,2.9,2.6,25.2,
20,Norman Powell,32,MIA,SG,18,18,30.7,8.3,16.3,0.509,3.1,6.8,0.455,5.2,9.4,0.547,0.604,5.5,6.3,0.868,0.3,3.3,3.7,2.5,1.2,0.3,2,2.4,25.2,
21,Devin Booker,29,PHO,SG,22,22,34.7,8.1,17.8,0.457,1.8,5.6,0.315,6.4,12.2,0.522,0.506,7,8,0.874,1,3.3,4.3,6.7,0.9,0.4,3.7,2.9,25,
22,De'Aaron Fox,28,SAS,PG,14,14,32.9,8.7,17.7,0.492,2.4,6.4,0.378,6.3,11.3,0.557,0.56,5.1,6.1,0.837,0.9,2.8,3.7,6.5,1.4,0.3,3.5,2.6,25,
23,Jamal Murray,28,DEN,PG,21,21,35,8.9,17.6,0.503,3.3,7.2,0.461,5.5,10.4,0.532,0.597,3.6,4,0.893,0.5,4.1,4.6,6.9,1.1,0.3,2.5,1.6,24.6,
24,Pascal Siakam,31,IND,PF,22,22,34.2,8.9,18.5,0.482,1.8,4.9,0.37,7.1,13.6,0.522,0.531,4.9,7.2,0.679,1.6,5.5,7.1,4.1,1.2,0.5,2.2,3,24.5,
25,Tyler Herro,26,MIA,SG,5,5,31.4,8.6,16.4,0.524,3,6.2,0.484,5.6,10.2,0.549,0.616,3.6,3.8,0.947,0.6,4,4.6,2.2,1.2,0.6,1.2,1.4,23.8,
Rk,Player,Age,Team,Pos,G,GS,MP,FG,FGA,FG%,3P,3PA,3P%,2P,2PA,2P%,eFG%,FT,FTA,FT%,ORB,DRB,TRB,AST,STL,BLK,TOV,PF,PTS,Awards
26,Coby White,25,CHI,SG,6,4,30,7.3,16.5,0.444,2.7,8.2,0.327,4.7,8.3,0.56,0.525,6.5,8.2,0.796,0.3,2.7,3,6.2,0.7,0,2.8,2,23.8,
27,Franz Wagner,24,ORL,SF,23,23,34.5,8,16.4,0.487,1.5,4.3,0.354,6.5,12.1,0.534,0.533,5.9,7.1,0.823,1.5,4.7,6.2,3.8,1.2,0.4,1.9,2.3,23.4,
28,Jalen Johnson,24,ATL,SF,21,21,35,8.4,15.7,0.533,1.6,4,0.405,6.8,11.7,0.577,0.585,4.7,6,0.792,1.4,9,10.4,7.7,1.6,0.4,3.3,2.1,23.1,
29,Alperen Şengün,23,HOU,C,19,19,35.9,8.5,16.8,0.505,1.1,2.7,0.385,7.4,14.1,0.528,0.536,5.1,6.8,0.738,2.9,6.2,9.1,7.1,1.3,1,3.3,3.4,23.1,
30,Keyonte George,22,UTA,PG,22,22,33.7,7.1,16.1,0.442,2.2,6.5,0.338,5,9.7,0.512,0.51,6.4,7.1,0.904,0.5,3.3,3.8,6.9,0.9,0.3,3.5,2.4,22.9,
31,Julius Randle,31,MIN,PF,22,22,33.6,7.8,15.7,0.499,1.8,5,0.355,6,10.7,0.566,0.555,5.5,6.6,0.829,1.6,5.9,7.5,5.9,1,0.2,2.7,2.5,22.9,
32,Karl-Anthony Towns,30,NYK,C,22,22,33.1,7.4,15.8,0.467,1.9,5.4,0.353,5.5,10.4,0.526,0.527,5.8,6.6,0.883,3.1,8.8,11.9,3.4,0.8,0.7,2.6,3.4,22.5,
33,Dillon Brooks,30,PHO,SF,17,17,31.4,8.3,18.1,0.459,2.3,7.4,0.31,6,10.6,0.564,0.523,3.4,4.1,0.841,0.9,2.3,3.2,1.9,1.6,0.1,2.4,3.7,22.3,
34,Zion Williamson,25,NOP,PF,10,10,30.9,7.4,14.5,0.51,0,0.3,0,7.4,14.2,0.521,0.51,7.3,10.1,0.723,2.3,3.3,5.6,4,1.6,0.5,3.1,2.3,22.1,
35,Cam Thomas,24,BRK,SG,8,8,28.3,6.6,16.5,0.402,2,5.6,0.356,4.6,10.9,0.425,0.462,6.1,7,0.875,0.4,1,1.4,2.6,0.5,0.1,2,1.9,21.4,
36,Shaedon Sharpe,22,POR,SG,19,14,28.5,7.8,17.8,0.438,1.5,6.2,0.246,6.3,11.6,0.541,0.481,4.2,5.3,0.792,1.2,3.7,4.9,2.3,1.4,0.2,2.7,2.3,21.3,
37,Bennedict Mathurin,23,IND,SF,12,12,32.7,6.6,14.4,0.457,2.8,6.4,0.429,3.8,8,0.479,0.552,5.3,6.4,0.818,0.9,4.7,5.6,2.3,0.8,0.2,3.1,3,21.2,
38,Nickeil Alexander-Walker,27,ATL,SG,22,19,32.7,7.1,15.1,0.468,2.9,7.2,0.396,4.2,7.9,0.534,0.563,3.8,4.4,0.856,0.8,2.7,3.5,3.4,0.9,0.8,2.1,2.1,20.8,
39,Miles Bridges,27,CHO,PF,23,23,34.6,7.1,17,0.421,2.5,7.8,0.318,4.7,9.2,0.507,0.494,4.1,4.7,0.862,1,5.3,6.2,3.4,0.6,0.6,1.5,2,20.8,
40,Brandon Ingram,28,TOR,SF,24,24,33.8,7.8,16.9,0.462,1.3,4.4,0.302,6.5,12.5,0.518,0.501,3.9,4.8,0.816,0.8,5.1,5.9,3.8,0.9,0.6,3.1,2.2,20.8,
41,Paolo Banchero,23,ORL,PF,13,13,31.8,6.5,14.3,0.457,0.9,3.5,0.261,5.6,10.8,0.521,0.489,6.7,8.7,0.77,0.9,7.5,8.5,3.9,0.7,0.8,2.5,2.2,20.7,
42,Josh Giddey,23,CHI,PG,20,20,34.1,7.1,14.8,0.478,1.8,4.5,0.389,5.3,10.3,0.517,0.537,4.6,6.1,0.746,1.4,8.5,9.9,9.1,1,0.4,3.7,1.9,20.4,
43,Trey Murphy III,25,NOP,SF,21,21,35.7,6.9,15,0.462,2.9,7.8,0.366,4,7.1,0.567,0.557,3.8,4,0.929,1.4,5.2,6.6,3.5,1.7,0.2,2.1,2.3,20.4,
44,Scottie Barnes,24,TOR,PF,24,24,33.6,7.7,15.1,0.51,1.5,3.6,0.402,6.3,11.5,0.543,0.558,3.2,3.8,0.846,2.1,5.7,7.8,5.2,1.4,1.7,2.5,3,20.1,
45,Bam Adebayo,28,MIA,C,17,17,30.9,7.1,14.8,0.478,1.9,5.2,0.364,5.2,9.6,0.54,0.542,3.8,4.7,0.8,1.4,7.7,9.1,2.5,1.1,0.9,1.9,1.4,19.8,
46,Zach LaVine,30,SAC,SG,20,20,33.1,7.2,14.7,0.486,2.6,6.9,0.37,4.6,7.8,0.59,0.573,3,3.5,0.855,0.3,2.8,3.1,2.4,0.8,0.2,2.2,2.3,19.8,
47,Kevin Porter Jr.,25,MIL,PG,5,5,27.4,6.4,12.2,0.525,2.8,5,0.56,3.6,7.2,0.5,0.639,4.2,4.4,0.955,0.4,3,3.4,5.8,1.8,0.2,2.6,1.8,19.8,
48,Jimmy Butler,36,GSW,SF,20,20,30.9,6,11.6,0.519,0.9,2.1,0.439,5.1,9.5,0.537,0.558,6.6,7.7,0.857,2.3,3.4,5.6,5,1.6,0.3,1.4,1.3,19.5,
49,LaMelo Ball,24,CHO,PG,16,16,28.9,6.7,17.3,0.386,2.4,8.6,0.285,4.3,8.8,0.486,0.457,3.6,4.1,0.877,1.1,4.9,6,8.5,1.1,0.2,3.3,3.1,19.4,
50,RJ Barrett,25,TOR,SF,17,17,30.9,7.1,13.9,0.506,1.8,5.1,0.356,5.2,8.8,0.593,0.572,3.4,4.7,0.725,0.7,4.1,4.8,3.8,0.8,0.2,1.5,2.6,19.4,
Rk,Player,Age,Team,Pos,G,GS,MP,FG,FGA,FG%,3P,3PA,3P%,2P,2PA,2P%,eFG%,FT,FTA,FT%,ORB,DRB,TRB,AST,STL,BLK,TOV,PF,PTS,Awards
51,Jerami Grant,31,POR,PF,22,10,29.6,5.7,12.9,0.445,2.4,5.9,0.403,3.4,7,0.481,0.537,5.6,6.5,0.854,1.1,2.6,3.7,2.6,0.9,0.6,2,3.1,19.4,
52,Kristaps Porziņģis,30,ATL,C,13,12,25.9,6.4,12.8,0.497,1.8,5.1,0.364,4.5,7.8,0.584,0.569,4.5,5.3,0.855,1.5,4.2,5.6,3.1,0.5,1.6,0.9,3.4,19.2,
53,Alex Sarr,20,WAS,C,16,16,29.7,7.8,15.1,0.515,1.1,3.3,0.346,6.6,11.8,0.561,0.552,2.4,3.8,0.639,2.4,6.2,8.6,3.3,0.8,2,2.1,2.1,19.1,
54,Jalen Duren,22,DET,C,20,20,29.1,6.9,10.6,0.651,0,0,,6.9,10.6,0.651,0.651,5.2,6.9,0.752,4.3,7.1,11.3,1.9,0.8,1,2.7,3.4,19,
55,Evan Mobley,24,CLE,PF,23,23,34,7,13.8,0.505,1.6,4.2,0.371,5.4,9.6,0.564,0.562,3.5,5.6,0.625,2.5,6.6,9.1,4.2,1,1.7,2.4,2.3,19,
56,Aaron Gordon,30,DEN,PF,13,13,28.3,6.3,11.8,0.532,2.2,4.8,0.444,4.2,7,0.593,0.623,4,4.6,0.867,1.5,4.5,5.9,1.3,0.8,0.2,1.4,1.8,18.8,
57,Anthony Davis,32,DAL,PF,9,9,29.2,7.3,14.9,0.493,0.8,2.2,0.35,6.6,12.7,0.518,0.519,3.1,4.4,0.7,3.1,7.3,10.4,3.3,1.1,1.7,1.9,2,18.6,
58,Joel Embiid,31,PHI,C,8,8,24.4,6.4,14.3,0.447,1.1,4.5,0.25,5.3,9.8,0.538,0.487,4.6,5.6,0.822,1.3,4.1,5.4,3.1,0.8,1.4,2.6,2,18.5,
59,Desmond Bane,27,ORL,SG,23,23,33,6.5,14.9,0.437,1.6,5,0.319,4.9,9.9,0.498,0.491,3.7,4,0.934,1.2,3.1,4.3,4.5,0.7,0.3,2.2,2.9,18.3,
60,Chet Holmgren,23,OKC,PF,19,19,29.3,6.8,12.2,0.56,1.4,3.9,0.36,5.4,8.3,0.656,0.619,3.1,3.8,0.819,1.5,6.5,8,1.7,0.6,1.4,2.1,3.2,18.2,
61,Kon Knueppel,20,CHO,SF,23,22,33.4,6.3,13.7,0.462,3.4,8.3,0.414,2.9,5.4,0.536,0.587,2.1,2.3,0.906,1,4.6,5.5,3.2,0.7,0.2,2.4,2.2,18.2,
62,DeMar DeRozan,36,SAC,PF,22,22,32.6,6.5,13.1,0.497,0.8,2,0.378,5.7,11,0.519,0.526,4.3,4.8,0.905,0.5,2.5,2.9,3.4,1.3,0.2,1.1,2,18.1,
63,CJ McCollum,34,WAS,SG,21,21,29.7,6.5,14.9,0.438,2.8,7.2,0.388,3.7,7.7,0.484,0.532,2.3,2.9,0.8,0.6,2.6,3.2,3.4,0.8,0.3,1.4,2.2,18.1,
64,Ja Morant,26,MEM,PG,12,12,28.8,5.8,16.3,0.359,0.8,5,0.167,5,11.3,0.444,0.385,5.4,5.8,0.942,0.5,3,3.5,7.6,1,0.1,3.8,2.3,17.9,
65,Amen Thompson,23,HOU,PG,20,20,36.1,7,14.4,0.488,0.5,2.1,0.22,6.6,12.3,0.533,0.503,3.5,4.3,0.802,2.5,4.7,7.1,5.1,1.3,0.5,2.5,2.5,17.9,
66,Ryan Rollins,23,MIL,PG,24,23,32.7,6.9,14.2,0.484,2.3,5.8,0.403,4.5,8.4,0.54,0.566,1.8,2.2,0.792,0.8,3.3,4.1,6,1.7,0.3,2.7,2.8,17.8,
67,Trae Young,27,ATL,PG,5,5,27.8,5.2,14,0.371,1,5.2,0.192,4.2,8.8,0.477,0.407,6.4,7.8,0.821,0,2,2,7.8,0.8,0.2,2,1.8,17.8,
68,Jaren Jackson Jr.,26,MEM,C,21,21,29.6,6.4,13.6,0.47,1.6,4.8,0.337,4.8,8.8,0.543,0.53,3.1,4,0.786,0.9,4.2,5.1,1.8,0.7,1,2.1,4.1,17.5,
69,Grayson Allen,30,PHO,SG,15,15,31.3,5.9,13.1,0.449,3.6,8.5,0.422,2.3,4.5,0.5,0.587,1.9,2.4,0.806,0.5,2.4,2.9,3.9,1.6,0.3,1.7,2.4,17.3,
70,Stephon Castle,21,SAS,PG,13,13,32,5.9,11.9,0.497,0.9,3.8,0.24,5,8.1,0.619,0.535,4.5,6.5,0.694,1.5,4.3,5.8,7.5,1.7,0.4,4,3.6,17.3,
71,Jordan Poole,26,NOP,PG,7,4,30.3,5,14.1,0.354,2.9,8.4,0.339,2.1,5.7,0.375,0.455,4.4,4.6,0.969,0.4,1.3,1.7,3.4,0.3,0.3,2.1,2.6,17.3,
72,Cooper Flagg,19,DAL,SF,23,23,33.6,6.7,14,0.475,0.9,3.5,0.247,5.8,10.5,0.552,0.506,3,3.7,0.814,1.2,5.2,6.4,3.3,1.3,0.6,2.3,2.3,17.2,
73,Andrew Nembhard,26,IND,PG,15,15,30.9,5.6,13.2,0.424,1.8,5.1,0.351,3.8,8.1,0.471,0.492,4.2,4.9,0.851,0.3,1.7,2,6.3,0.9,0.2,2.3,2.5,17.2,
74,Payton Pritchard,28,BOS,PG,23,23,32.1,6.3,14.1,0.448,2.7,8,0.339,3.6,6.1,0.589,0.543,1.9,2.2,0.86,1.1,3.2,4.3,4.9,0.7,0.1,1.3,1.8,17.2,
75,Domantas Sabonis,29,SAC,C,11,11,33.2,6.7,13.2,0.51,0.4,1.8,0.2,6.4,11.4,0.56,0.524,3.4,4.6,0.725,3.4,8.9,12.3,3.7,1.2,0.2,2.5,4,17.2,
Rk,Player,Age,Team,Pos,G,GS,MP,FG,FGA,FG%,3P,3PA,3P%,2P,2PA,2P%,eFG%,FT,FTA,FT%,ORB,DRB,TRB,AST,STL,BLK,TOV,PF,PTS,Awards
76,Quentin Grimes,25,PHI,SG,21,4,33.1,5.5,12,0.456,2.4,6.4,0.381,3,5.6,0.542,0.558,3.6,4.2,0.854,0.7,3.2,3.9,4.4,0.9,0.4,2.8,2.3,17,
77,Derrick White,31,BOS,SG,22,22,33,5.9,15.2,0.388,3,8.9,0.333,3,6.4,0.464,0.485,2.3,2.7,0.833,0.9,3.2,4.1,5.3,1.5,1.2,1.6,1.9,17,
78,Andrew Wiggins,30,MIA,SF,20,20,33.2,6.6,13.8,0.478,1.8,4.7,0.372,4.9,9.1,0.533,0.542,2,2.9,0.702,1.6,3.6,5.1,2.9,1.1,1.2,1.8,2.6,17,
79,Kelly Oubre Jr.,30,PHI,SF,12,12,34.8,6.2,12.4,0.497,1.9,5.6,0.343,4.3,6.8,0.622,0.574,2.5,3.2,0.789,1.2,3.9,5.1,1.3,1.1,0.8,1.5,2.7,16.8,
80,Immanuel Quickley,26,TOR,PG,24,24,32.3,6.1,13,0.471,2.6,6.7,0.391,3.5,6.3,0.556,0.572,1.9,2.5,0.738,0.4,4,4.4,6.3,1.2,0,1.8,2.2,16.8,
81,Mikal Bridges,29,NYK,SF,22,22,34.4,6.5,12,0.542,2.4,5.5,0.426,4.1,6.5,0.641,0.64,1.3,1.6,0.806,1.3,3.3,4.5,4.1,2,1.1,1,2.2,16.7,
82,Jrue Holiday,35,POR,PG,12,12,33.4,6.2,13.8,0.446,2.6,7.1,0.365,3.6,6.8,0.531,0.539,1.8,2.1,0.84,1.3,3.9,5.3,8.3,1.6,0.3,2.9,2,16.7,
83,De'Andre Hunter,28,CLE,SF,20,20,28.6,5.7,12.5,0.452,2.1,6.4,0.32,3.6,6.1,0.59,0.534,3.1,3.7,0.838,0.7,3.8,4.4,2.5,0.8,0.2,1.7,2.8,16.5,
84,Keegan Murray,25,SAC,PF,7,6,38.6,6.4,14.7,0.437,1.6,6.1,0.256,4.9,8.6,0.567,0.49,2,2.4,0.824,1.9,5.7,7.6,1.7,2,1.4,0.6,1.9,16.4,
85,Brandon Miller,23,CHO,SF,7,7,25.7,5.6,14.4,0.386,2,7.6,0.264,3.6,6.9,0.521,0.455,3.1,3.9,0.815,0.3,1.9,2.1,2.9,0.7,1.1,1.9,2.1,16.3,
86,Devin Vassell,25,SAS,SG,22,22,32.7,5.8,13.2,0.441,2.9,7.1,0.401,3,6,0.489,0.55,1.7,2,0.864,0.4,3.3,3.7,2.4,1,0.5,1.1,2.4,16.2,
87,Nikola Vučević,35,CHI,C,21,21,30.7,6.4,13.2,0.487,1.9,4.9,0.392,4.5,8.3,0.543,0.56,1.4,1.8,0.789,2.4,7.2,9.6,3.4,0.8,0.3,1.8,2.4,16.2,
88,P.J. Washington,27,DAL,PF,19,19,31.7,5.8,13.3,0.439,1.6,4.7,0.337,4.3,8.6,0.494,0.498,2.7,4,0.684,1.4,6.4,7.8,2.3,0.9,1.2,2.6,2.3,16,
89,Jalen Williams,24,OKC,SG,4,4,30,6,14.3,0.421,0.5,2,0.25,5.5,12.3,0.449,0.439,3.5,3.5,1,0.3,5.5,5.8,6,1,1.3,1.5,2.5,16,
90,Ivica Zubac,28,LAC,C,23,23,32.5,7,11.7,0.604,0,0,,7,11.7,0.604,0.604,1.9,2.5,0.754,3.4,8.1,11.6,2.7,0.5,0.9,1.9,2.6,16,
91,Jeremiah Fears,19,NOP,PG,23,21,27.8,6,13.2,0.451,1.3,3.4,0.38,4.7,9.8,0.476,0.5,2.7,3.3,0.792,0.7,2.8,3.4,3,1.5,0.2,2.3,2,15.9,
92,Ayo Dosunmu,26,CHI,SG,19,6,27.8,5.7,10.7,0.529,2,4.1,0.494,3.7,6.7,0.551,0.623,2.4,2.8,0.852,0.4,2.3,2.6,3.1,0.6,0.3,1.4,1.9,15.8,
93,Onyeka Okongwu,25,ATL,C,23,12,30.5,6,11.9,0.502,1.9,5.2,0.367,4,6.7,0.608,0.582,2,2.7,0.754,1.7,5.7,7.3,2.9,0.8,1,1.9,3.4,15.8,
94,OG Anunoby,28,NYK,PF,13,13,30.5,5.7,11.9,0.477,2.4,6.2,0.383,3.3,5.7,0.581,0.577,1.7,2.2,0.759,1.5,3.7,5.2,2.1,1.8,0.6,1.8,2.2,15.5,
95,Jalen Green,23,PHO,SG,2,2,15,5.5,11.5,0.478,3,7,0.429,2.5,4.5,0.556,0.609,1.5,2.5,0.6,1,1,2,2,1,0,1,1,15.5,
96,Jaden McDaniels,25,MIN,PF,21,21,31.9,6,11.6,0.523,1.6,3.4,0.465,4.5,8.2,0.547,0.591,1.9,2.1,0.867,1.3,3.6,4.9,2.5,1.2,1,1.9,3.7,15.5,
97,Aaron Nesmith,26,IND,SF,11,11,30.5,4.9,13.4,0.367,2.8,7.5,0.373,2.1,5.8,0.359,0.473,2.8,3.5,0.795,1.5,2.9,4.5,1.5,0.8,0.3,0.7,2.5,15.5,
98,Collin Sexton,27,CHO,SG,21,10,25.2,5.2,10.7,0.489,1.2,3.4,0.366,4,7.3,0.545,0.547,3.8,4.3,0.879,0.4,1.8,2.2,4.2,0.7,0.2,2.5,1.9,15.5,
99,Deandre Ayton,27,LAL,C,20,20,29.4,7.1,10.2,0.696,0,0,,7.1,10.2,0.696,0.696,1.2,1.7,0.676,2.8,5.9,8.7,0.9,0.7,1.1,2.1,2.6,15.4,
100,Jaime Jaquez Jr.,24,MIA,SF,22,0,29.1,6.2,12.1,0.511,0.3,1.5,0.206,5.9,10.5,0.556,0.524,2.6,3.4,0.784,1.4,4.5,6,5,0.8,0.3,2.1,2.2,15.3,
Rk,Player,Age,Team,Pos,G,GS,MP,FG,FGA,FG%,3P,3PA,3P%,2P,2PA,2P%,eFG%,FT,FTA,FT%,ORB,DRB,TRB,AST,STL,BLK,TOV,PF,PTS,Awards
101,Kyshawn George,22,WAS,SF,19,19,31.2,5.4,11.5,0.466,2.4,5.4,0.451,2.9,6.2,0.479,0.571,2,2.7,0.745,0.8,5.1,5.9,4.6,1,0.8,3.3,4.2,15.2,
102,Jabari Smith Jr.,22,HOU,PF,19,19,32.9,5.2,11.6,0.45,2,5.4,0.369,3.2,6.2,0.521,0.536,2.5,3.2,0.783,1.4,4.9,6.3,1.8,0.7,0.8,1.2,2.9,14.9,
103,Tobias Harris,33,DET,PF,14,14,29.7,5.2,11.5,0.453,1.8,4.7,0.379,3.4,6.8,0.505,0.531,2.5,3,0.833,0.9,4.1,5.1,2.4,0.4,0.3,1.1,2.4,14.7,
104,Ajay Mitchell,23,OKC,SG,23,6,26.6,5.3,11.4,0.466,1.1,3.3,0.347,4.2,8.1,0.513,0.515,3,3.4,0.873,0.6,2.8,3.3,3.6,1.5,0.3,1.7,2.1,14.7,
105,Jalen Suggs,24,ORL,PG,18,18,24.8,5,10.8,0.462,2,5.9,0.34,3,4.9,0.607,0.554,2.5,2.8,0.9,0.8,3.1,3.9,4.7,1.9,0.6,2.7,3.2,14.5,
106,Paul George,35,PHI,PF,7,7,23.3,5,11.9,0.422,2,5.7,0.35,3,6.1,0.488,0.506,2.4,3.1,0.773,0.4,4.4,4.9,3.1,1.7,0.4,1.4,1.3,14.4,
107,Walker Kessler,24,UTA,C,5,5,30.8,5.2,7.4,0.703,1.2,1.6,0.75,4,5.8,0.69,0.784,2.8,4,0.7,4.6,6.2,10.8,3,1.4,1.8,3.2,4.4,14.4,
108,Jarrett Allen,27,CLE,C,15,15,26.1,5.5,9.5,0.573,0,0.3,0,5.5,9.3,0.59,0.573,3.4,4.4,0.773,2.4,5.2,7.6,1.8,1,0.9,1.6,1.5,14.3,
109,VJ Edgecombe,20,PHI,SG,19,19,34.4,5.4,13.1,0.415,1.9,5.2,0.367,3.5,7.9,0.447,0.488,1.6,2.1,0.75,1.8,3.9,5.7,4.1,1.4,0.5,1.8,3.2,14.3,
110,Saddiq Bey,26,NOP,SF,22,14,28.9,5,11.1,0.449,1.9,5.4,0.347,3.1,5.8,0.543,0.533,2.1,3,0.723,1.8,4.2,6,2.2,1,0.1,0.7,1.1,14,
111,Donte DiVincenzo,29,MIN,SG,22,22,31.5,4.5,10.5,0.424,3.2,8.1,0.397,1.2,2.4,0.519,0.578,1.9,2.3,0.84,0.8,3.1,4,3.6,1.1,0.5,1.4,2.3,14,
112,LeBron James,41,LAL,SF,6,6,32.8,5.5,13.3,0.413,1.2,4.5,0.259,4.3,8.8,0.491,0.456,1.8,3.3,0.55,0.7,3.7,4.3,7.8,0.7,0.2,1.8,1.5,14,
113,De'Anthony Melton,27,GSW,PG,1,0,21,5,11,0.455,0,2,0,5,9,0.556,0.455,4,4,1,0,1,1,3,2,1,1,3,14,
114,Obi Toppin,27,IND,PF,3,0,27.3,5,12,0.417,1,5.7,0.176,4,6.3,0.632,0.458,3,3,1,1,5.7,6.7,1.7,1,0,2,2.3,14,
115,Matas Buzelis,21,CHI,PF,22,22,28.7,5,10.8,0.458,1.5,4.6,0.327,3.5,6.2,0.555,0.527,2.5,3,0.818,1.2,4.7,5.9,1.6,0.8,1.4,2.1,2.8,13.9,
116,Rui Hachimura,27,LAL,PF,21,21,33,5.3,10,0.533,1.9,4.1,0.465,3.4,5.9,0.581,0.629,1.3,1.7,0.75,0.8,3,3.8,0.8,0.5,0.2,1,1.7,13.9,
117,Sam Merrill,29,CLE,SG,12,8,25.9,4.5,9.7,0.466,3.7,8.3,0.444,0.8,1.4,0.588,0.655,1.3,1.3,0.938,0.8,1.3,2.1,2.3,0.5,0.3,0.8,2.9,13.9,
118,Zach Edey,23,MEM,C,10,10,26.2,5.7,8.7,0.655,0.1,0.3,0.333,5.6,8.4,0.667,0.661,2.3,2.9,0.793,3.8,7.4,11.2,0.9,0.7,2.1,2,3.1,13.8,
119,Malik Monk,27,SAC,SG,19,0,24.6,5.2,11.3,0.458,2,4.7,0.422,3.2,6.5,0.484,0.547,1.5,1.7,0.875,0.4,1.6,2,2.3,0.9,0.5,1,1.7,13.8,
120,Darius Garland,26,CLE,PG,8,8,27.9,4.4,12.6,0.347,2,5.9,0.34,2.4,6.8,0.352,0.426,2.9,3.3,0.885,0.8,2,2.8,6.5,0.5,0.1,2.8,2,13.6,
121,Nic Claxton,26,BRK,C,22,22,30.2,5.1,9.2,0.557,0,0.5,0.091,5.1,8.7,0.583,0.559,3.2,4.6,0.696,2.8,4.8,7.5,4.2,0.7,1.3,1.5,2.4,13.5,
122,Noah Clowney,21,BRK,PF,22,16,28,4,9.4,0.42,2.3,6.5,0.359,1.6,3,0.554,0.543,3.3,4,0.818,0.7,3,3.7,1.8,0.6,0.7,1.7,2.6,13.5,
123,Naz Reid,26,MIN,C,22,0,25.5,5.1,11.2,0.459,2.2,5.9,0.38,2.9,5.3,0.547,0.559,1,1.4,0.767,1.2,4.5,5.7,2.4,1,1,1.5,2.7,13.5,
124,Russell Westbrook,37,SAC,SF,22,16,28.2,5,11.8,0.425,2,5.3,0.371,3,6.5,0.469,0.508,1.5,2.5,0.618,1.6,5.4,7,6.9,1.2,0.1,3.2,2.4,13.5,
125,Cedric Coward,22,MEM,SG,23,10,27.3,4.7,10.5,0.452,1.5,4.7,0.327,3.2,5.8,0.552,0.525,2.4,2.8,0.862,1.3,4.9,6.2,2.7,0.6,0.3,1.4,1.9,13.4,
Rk,Player,Age,Team,Pos,G,GS,MP,FG,FGA,FG%,3P,3PA,3P%,2P,2PA,2P%,eFG%,FT,FTA,FT%,ORB,DRB,TRB,AST,STL,BLK,TOV,PF,PTS,Awards
126,Anfernee Simons,26,BOS,SG,23,0,23.7,4.7,10.7,0.445,2.5,6,0.41,2.3,4.6,0.491,0.561,1.5,1.7,0.872,0.3,1.9,2.2,2.6,0.5,0.2,1.1,2,13.4,
127,Collin Gillespie,26,PHO,PG,23,4,26.9,4.7,10.6,0.443,3,7,0.429,1.7,3.6,0.47,0.584,1,1.1,0.846,1,2.8,3.7,4.9,1.2,0.3,1.8,1.4,13.3,
128,Aaron Wiggins,27,OKC,SG,12,5,25.8,5.2,10.9,0.473,2.3,5.8,0.4,2.8,5.1,0.557,0.58,0.7,0.9,0.727,0.9,2.3,3.3,2.3,0.6,0.7,1.1,2.1,13.3,
129,Tre Jones,26,CHI,PG,17,11,28.6,4.4,8.2,0.529,0.5,1.5,0.32,3.9,6.8,0.574,0.557,4.1,4.8,0.852,0.6,2.6,3.2,4.9,1.7,0.2,1.6,1.7,13.2,
130,Anthony Black,22,ORL,PG,23,4,27.9,4.7,10.1,0.459,1.1,3.4,0.329,3.5,6.7,0.526,0.515,2.7,3.9,0.689,0.6,3,3.6,3,1.4,0.6,2,2.4,13.1,
131,Reed Sheppard,21,HOU,SG,20,4,25.1,4.9,10.3,0.471,2.6,5.9,0.441,2.3,4.4,0.511,0.597,0.8,1.1,0.714,0.3,2.9,3.2,3.3,1.7,0.6,1.3,1.9,13.1,
132,Jaylon Tyson,23,CLE,SG,19,14,27.3,5,9.3,0.537,2.2,4.6,0.477,2.8,4.7,0.596,0.655,0.9,1.3,0.708,1.9,3.1,5.1,1.8,1.1,0.7,0.9,3.4,13.1,
133,Keldon Johnson,26,SAS,SF,22,0,24.4,5,8.7,0.573,0.8,2.6,0.31,4.2,6.1,0.687,0.62,2.2,2.8,0.774,2,4.5,6.5,1.8,0.8,0.1,1,1.9,13,
134,Harrison Barnes,33,SAS,PF,22,22,30.9,4.5,9.3,0.485,2.3,5.5,0.425,2.2,3.8,0.571,0.61,1.6,1.8,0.875,0.9,2.6,3.5,2.3,1.1,0.2,1.3,1.6,12.9,
135,Isaiah Joe,26,OKC,SG,17,0,23.4,3.9,8.6,0.456,2.9,6.9,0.419,1.1,1.8,0.6,0.622,2.1,2.3,0.923,0.5,2.3,2.8,1.5,0.6,0.2,0.9,1.8,12.9,
136,Jonathan Kuminga,23,GSW,PF,16,12,25.9,4.8,10.4,0.458,1,2.9,0.34,3.8,7.4,0.504,0.506,2.4,3.3,0.731,1.6,4.6,6.3,2.6,0.3,0.3,2.6,1.8,12.9,
137,Dylan Harper,19,SAS,SG,12,0,21.5,4.8,10.3,0.46,0.7,2.4,0.276,4.1,7.9,0.516,0.492,2.6,3.5,0.738,1,2.1,3.1,3.8,1,0,1.5,2.3,12.8,
138,Santi Aldama,25,MEM,PF,23,2,26,4.9,10.7,0.461,1.3,4.2,0.32,3.6,6.4,0.554,0.524,1.6,2.3,0.679,1.4,5,6.4,3.1,0.9,0.7,1.1,1.3,12.7,
139,Kyle Kuzma,30,MIL,PF,23,9,25.8,4.8,9.7,0.5,0.9,2.8,0.328,3.9,6.9,0.57,0.547,2.1,2.9,0.727,0.8,3.6,4.4,2.3,0.9,0.5,1.4,2.4,12.7,
140,Duncan Robinson,31,DET,SF,21,21,32.1,4.2,9.5,0.442,3.1,7.5,0.411,1.1,2,0.561,0.606,1.2,1.5,0.781,0.4,2.6,3,2,1,0.3,0.7,2.5,12.7,
141,Myles Turner,29,MIL,C,24,24,28.9,4.2,9.7,0.435,2.3,5.9,0.39,1.9,3.8,0.505,0.554,2,2.7,0.723,1.1,4.8,5.9,1.8,0.9,1.7,1.1,2.7,12.7,
142,Mark Williams,24,PHO,C,19,16,24.9,5.1,7.8,0.651,0,0,,5.1,7.8,0.651,0.651,2.5,3.3,0.762,3.3,5.4,8.7,1,1.4,0.8,1.2,2.7,12.7,
143,Naji Marshall,28,DAL,SF,24,5,27.5,4.2,8.2,0.508,1,3.1,0.311,3.2,5.1,0.626,0.566,3.2,4,0.8,0.9,4.2,5.1,2.5,1.2,0.1,1.1,2.1,12.5,
144,Toumani Camara,25,POR,PF,23,23,33.7,4.4,10.7,0.415,2.3,6.9,0.342,2.1,3.8,0.545,0.524,1.2,1.7,0.692,2.1,3.2,5.3,2.8,1,0.6,2,3.3,12.4,
145,Dennis Schröder,32,SAC,PG,18,12,29.2,4.6,11.5,0.396,1.5,4.5,0.333,3.1,7,0.437,0.461,1.8,2.3,0.78,0.4,3.2,3.7,6,0.8,0.2,1.9,1.8,12.4,
146,Brandin Podziemski,22,GSW,SG,23,11,28,4.3,9.8,0.436,1.8,4.8,0.378,2.4,5,0.491,0.529,1.9,2.5,0.759,0.7,4,4.6,2.9,1.2,0.2,1.4,2.1,12.3,
147,Derik Queen,21,NOP,C,23,11,24.5,4.6,9.6,0.482,0.1,0.7,0.118,4.5,8.8,0.512,0.486,3,3.8,0.784,1.8,4.3,6.1,3.6,1,0.7,2.2,3.3,12.3,
148,John Collins,28,LAC,PF,23,14,27,4.7,9.7,0.491,0.9,3,0.294,3.9,6.7,0.578,0.536,1.9,2.3,0.811,1.4,3.6,5,0.7,0.8,0.7,1.5,2.3,12.2,
149,Isaiah Hartenstein,27,OKC,C,19,19,27.8,5.3,7.8,0.671,0,0.2,0,5.3,7.6,0.69,0.671,1.7,2.6,0.64,3.3,7.4,10.7,3.4,1.3,0.8,2.1,2.8,12.2,
150,Max Christie,22,DAL,SG,24,21,29.2,4.2,8.5,0.488,2.5,5.5,0.462,1.6,3,0.534,0.637,1.2,1.5,0.806,0.1,3.1,3.3,2,0.5,0.4,1.1,1.6,12.1,
Rk,Player,Age,Team,Pos,G,GS,MP,FG,FGA,FG%,3P,3PA,3P%,2P,2PA,2P%,eFG%,FT,FTA,FT%,ORB,DRB,TRB,AST,STL,BLK,TOV,PF,PTS,Awards
151,Tim Hardaway Jr.,33,DEN,SG,22,1,24.8,4.1,9,0.46,2.5,5.9,0.423,1.6,3.1,0.529,0.598,1.4,1.6,0.857,0.2,1.8,2,1.5,0.5,0.1,0.3,1.1,12.1,
152,Miles McBride,25,NYK,SG,19,9,27.3,4.1,9.2,0.448,2.9,6.3,0.462,1.2,2.9,0.418,0.606,0.9,1.2,0.773,0.7,1.9,2.6,2.5,0.7,0.2,0.7,1.8,12,
153,Jaylen Wells,22,MEM,SG,23,23,26.5,4.2,9.5,0.44,1.8,5,0.362,2.3,4.4,0.529,0.537,1.8,2.4,0.764,1.1,2.3,3.4,1.7,0.7,0,0.7,2.1,12,
154,Kevin Huerter,27,CHI,SF,19,8,24.1,4.5,9.6,0.473,1.4,4.7,0.3,3.1,4.8,0.641,0.547,1.5,1.7,0.848,0.5,2.8,3.3,2.4,0.8,0.7,1.3,2.2,11.9,
155,Kel'el Ware,21,MIA,C,23,15,24.3,4.6,8.6,0.535,1,2.4,0.429,3.6,6.2,0.577,0.596,1.6,2,0.822,3.2,7.3,10.5,0.6,1,1.3,1.1,1.9,11.9,
156,Josh Hart,30,NYK,SF,21,7,29.1,4.3,8.7,0.497,1.4,3.9,0.37,2.9,4.9,0.598,0.579,1.7,2.1,0.818,1.9,5.8,7.7,5.2,1.2,0.3,2.1,2.6,11.8,
157,Quenton Jackson,27,IND,PG,5,3,20.2,4,7.4,0.541,1.2,2.4,0.5,2.8,5,0.56,0.622,2.6,3.6,0.722,1,2.4,3.4,3.6,1,0.2,1.2,2,11.8,
158,Moses Moody,23,GSW,SG,21,13,25.4,3.8,9.3,0.403,2.5,6.4,0.385,1.3,2.9,0.443,0.536,1.8,2.1,0.864,0.8,2.4,3.2,1.4,1,0.7,1.3,2,11.8,
159,Wendell Carter Jr.,26,ORL,C,22,22,29.5,4,7.5,0.524,1.1,2.7,0.417,2.8,4.8,0.585,0.599,2.7,3.4,0.787,2.8,4.8,7.6,1.9,0.6,0.7,1.7,3.9,11.7,
160,Ausar Thompson,23,DET,SF,19,18,28,4.8,9.6,0.505,0.3,0.8,0.313,4.6,8.7,0.524,0.519,1.8,3.2,0.557,1.9,4,5.9,2.8,1.5,0.7,1.4,2.9,11.7,
161,D'Angelo Russell,29,DAL,PG,20,3,20.7,4.1,10.2,0.404,1.5,5,0.29,2.7,5.2,0.515,0.475,2,2.8,0.696,0.4,2.3,2.7,4.5,0.5,0.1,2.1,1.5,11.6,
162,Tari Eason,24,HOU,PF,11,1,23.2,4.3,8.6,0.495,2.5,4.8,0.509,1.8,3.8,0.476,0.637,0.5,0.6,0.714,1.5,3.7,5.2,1.6,0.8,0.5,1.7,1.6,11.5,
163,Tre Johnson,19,WAS,SG,15,4,24.3,4.3,9.7,0.445,2,5.1,0.395,2.3,4.7,0.5,0.548,0.9,1.1,0.813,0.5,2.5,3,1.3,0.4,0.5,1.6,1.9,11.5,
164,Bobby Portis,30,MIL,PF,24,2,21.8,4.7,9.7,0.481,1.7,3.8,0.451,3,5.9,0.5,0.569,0.5,0.8,0.667,1.1,4.5,5.6,1.3,0.4,0,1.1,1.6,11.5,
165,Christian Braun,24,DEN,SG,11,11,29.5,4.4,8.8,0.495,0.5,2.5,0.214,3.8,6.3,0.609,0.526,2.1,2.6,0.793,1.6,2.7,4.4,3,0.8,0.3,1.3,2.2,11.4,
166,Rudy Gobert,33,MIN,C,22,22,31.8,4.6,6.3,0.732,0,0,,4.6,6.3,0.732,0.732,2.1,3.9,0.541,3.5,6.8,10.3,1.9,0.4,1.5,1.5,2.9,11.3,
167,A.J. Green,26,MIL,SG,24,24,29,3.6,7.3,0.489,3.3,6.8,0.485,0.3,0.5,0.538,0.713,0.8,1,0.792,0,2.8,2.8,2.1,0.5,0.1,0.8,2.8,11.3,
168,Cameron Johnson,29,DEN,SF,21,21,29.6,4,8.6,0.459,1.8,4.5,0.404,2.1,4.1,0.517,0.564,1.6,2,0.805,0.8,2.6,3.4,2.2,0.7,0.3,1.2,2.2,11.3,
169,Zaccharie Risacher,20,ATL,SF,21,21,25,4.5,9.9,0.452,1.4,4.6,0.299,3.1,5.3,0.586,0.522,1,1.4,0.667,0.6,2,2.7,1.5,1,0.6,0.8,2,11.3,
170,Cam Spencer,25,MEM,SG,23,1,20.8,3.6,7.4,0.488,2.3,4.7,0.477,1.3,2.7,0.508,0.641,1.6,1.7,0.9,0.3,1.8,2.1,3.8,0.7,0.1,1.2,1.4,11,
171,Klay Thompson,35,DAL,SF,23,8,21.8,3.9,10.6,0.366,2.7,7.7,0.354,1.1,2.8,0.4,0.496,0.5,0.7,0.8,0.3,2.3,2.6,1.3,0.3,0.3,0.8,1.1,11,
172,Julian Champagnie,24,SAS,SF,22,17,28.8,3.5,8.4,0.413,2.2,6.1,0.366,1.2,2.3,0.54,0.546,1.8,2.1,0.83,0.9,4.4,5.3,1.4,1,0.5,1.1,1.5,10.9,
173,Royce O'Neale,32,PHO,SF,23,19,29.7,3.7,8.9,0.42,3,7.3,0.408,0.7,1.6,0.472,0.588,0.3,0.4,0.7,0.8,4.4,5.3,2.9,1.2,0.2,1.3,2.5,10.8,
174,Dyson Daniels,22,ATL,SG,24,24,33.9,4.8,9.8,0.487,0.3,1.5,0.167,4.5,8.3,0.545,0.5,0.8,1.4,0.588,2.1,4.1,6.2,5.9,2.3,0.3,2.3,2.6,10.7,
175,Jock Landale,30,MEM,C,23,13,21.4,4.3,8,0.53,1.1,2.4,0.455,3.2,5.7,0.562,0.597,1.1,1.7,0.667,2.3,3,5.3,1.5,0.5,0.4,1,2.6,10.7,
Rk,Player,Age,Team,Pos,G,GS,MP,FG,FGA,FG%,3P,3PA,3P%,2P,2PA,2P%,eFG%,FT,FTA,FT%,ORB,DRB,TRB,AST,STL,BLK,TOV,PF,PTS,Awards
176,Tristan Da Silva,24,ORL,SF,23,10,23.7,3.9,8.4,0.466,1.7,4.5,0.385,2.2,3.9,0.562,0.57,0.9,1.1,0.808,0.9,3,3.8,1.2,0.9,0.3,0.9,1.2,10.5,
177,Derrick Jones Jr.,28,LAC,SF,13,13,24.9,3.8,7.1,0.533,1.2,3.5,0.348,2.5,3.5,0.717,0.62,1.7,2.2,0.786,0.8,1.5,2.4,1.1,0.8,1.2,0.8,2,10.5,
178,Khris Middleton,34,WAS,SF,16,16,25.8,4.2,8.5,0.493,0.9,2.5,0.35,3.3,6,0.552,0.544,1.2,1.6,0.731,1.2,3,4.2,3.5,0.7,0.4,1.8,3,10.4,
179,Brandon Williams,26,DAL,PG,22,9,21.5,3.5,9.5,0.375,0.5,3,0.182,3,6.5,0.465,0.404,2.8,3.4,0.813,0.6,1.9,2.5,4.1,1.4,0.2,1.9,1.6,10.4,
180,Jordan Clarkson,33,NYK,SG,22,0,20,3.8,8.7,0.438,1.3,4.2,0.304,2.5,4.5,0.56,0.51,1.4,1.6,0.833,1,1,2,1.8,0.4,0.2,1.1,2.2,10.3,
181,Peyton Watson,23,DEN,SF,22,12,27.1,3.9,7.8,0.494,1,2.8,0.371,2.8,5,0.564,0.561,1.5,2,0.791,1.2,3.8,5,1.7,1,1.2,1.1,2.3,10.3,
182,Jakob Poeltl,30,TOR,C,17,17,26.2,4.4,6.1,0.712,0,0,,4.4,6.1,0.712,0.712,1.5,2.6,0.578,2.9,5.2,8.2,2.4,0.8,0.6,1.5,3.5,10.2,
183,Ace Bailey,19,UTA,SF,22,13,22.8,4,8.7,0.453,1.5,4,0.364,2.5,4.7,0.529,0.536,0.8,1,0.773,1.5,1.9,3.4,1.6,0.8,0.3,1.3,2.5,10.1,
184,Neemias Queta,26,BOS,C,21,21,23.8,4.5,6.8,0.662,0,0.1,0,4.5,6.6,0.676,0.662,1.1,1.9,0.615,3.1,5,8,1.6,0.7,1.4,0.8,3.1,10.1,
185,Donovan Clingan,21,POR,C,21,21,25.2,3.9,8,0.482,0.7,2.8,0.241,3.2,5.2,0.609,0.524,1.6,2,0.81,4.6,5.6,10.2,1.7,0.6,1.4,0.8,2.5,10,
186,Vit Krejci,25,ATL,PG,20,1,23.2,3.5,6.9,0.5,2.5,5.5,0.455,1,1.4,0.679,0.681,0.6,0.8,0.688,0.4,1.9,2.3,1.8,0.7,0.3,0.9,2.3,10,
187,Jalen Smith,25,CHI,C,18,0,17.1,3.7,7.7,0.486,1.6,4.3,0.377,2.1,3.4,0.623,0.591,0.9,1.3,0.739,1.8,4,5.8,1.2,0.3,0.7,1,2,10,
188,Sandro Mamukelashvili,26,TOR,C,23,2,19.6,3.6,7,0.516,1,2.7,0.381,2.6,4.3,0.602,0.59,1.6,2.1,0.771,1.3,3,4.3,1.8,0.5,0.6,0.8,1.7,9.9,
189,Simone Fontecchio,30,MIA,SF,22,0,18.8,3.1,7.7,0.408,2.1,5.6,0.374,1,2.1,0.5,0.544,1.5,1.7,0.842,0.5,2.4,2.9,1.6,0.5,0.2,1,1.7,9.8,
190,Davion Mitchell,27,MIA,PG,23,23,30,3.9,7.7,0.511,1,2.6,0.39,2.9,5.1,0.573,0.577,0.9,1.5,0.618,0.4,2.3,2.7,7.8,1.3,0,1.4,3,9.7,
191,Jarace Walker,22,IND,PF,23,12,26.4,3.2,9.3,0.343,1.4,4.7,0.306,1.7,4.6,0.381,0.42,2,2.4,0.804,0.6,4.4,5,2.2,0.6,0.4,2,1.8,9.7,
192,Isaiah Stewart,24,DET,C,20,6,22.4,3.7,7,0.521,0.9,2.3,0.391,2.8,4.7,0.585,0.586,1.4,2,0.7,1.9,4.3,6.2,1.2,0.2,2.1,1.2,3.3,9.6,
193,Gary Trent Jr.,27,MIL,SG,24,14,27.7,3.3,8.3,0.394,2.2,6,0.371,1,2.3,0.455,0.528,0.9,1.1,0.778,0.1,1.3,1.3,1.8,0.8,0.1,0.8,1.7,9.6,
194,Ziaire Williams,24,BRK,SF,19,2,23.4,3.1,7.9,0.393,1.7,5.7,0.306,1.4,2.2,0.619,0.503,1.7,2.1,0.821,0.8,1.9,2.7,0.7,0.7,0.5,1.2,2.3,9.6,
195,Herbert Jones,27,NOP,SF,16,16,30.3,3.4,8.8,0.39,1.6,4.3,0.362,1.9,4.5,0.417,0.479,1.1,1.4,0.739,0.9,2.8,3.8,2.3,1.4,0.3,1.6,3.6,9.5,
196,T.J. McConnell,33,IND,PG,13,0,16.7,4.5,8.5,0.532,0.4,1.2,0.313,4.2,7.3,0.568,0.554,0.1,0.1,1,0.2,2.4,2.5,4.4,1.2,0.2,0.8,1.3,9.5,
197,Landry Shamet,28,NYK,SG,15,6,20.9,2.8,6.2,0.452,1.9,4.4,0.424,0.9,1.8,0.519,0.602,1.8,2.3,0.794,0.5,1.5,2,1.2,0.4,0.2,0.5,1.3,9.3,
198,Marcus Smart,31,LAL,SG,14,9,26.8,3,7.4,0.408,1.1,4.5,0.254,1.9,2.9,0.65,0.485,2.1,2.3,0.938,0.6,1.6,2.3,2.9,1.8,0.3,1.9,2.9,9.3,
199,Bogdan Bogdanović,33,LAC,SG,9,2,25.7,3.1,8.3,0.373,1.8,5.2,0.34,1.3,3.1,0.429,0.48,1.2,1.4,0.846,0.3,3.1,3.4,3.3,0.8,0.1,1.4,2.6,9.2,
200,Caris LeVert,31,DET,SG,17,0,20.3,3.2,7.1,0.458,1.4,3.4,0.404,1.9,3.7,0.508,0.554,1.4,2.4,0.585,0.2,1.4,1.6,2.9,0.6,0.5,1.4,1.2,9.2,
Rk,Player,Age,Team,Pos,G,GS,MP,FG,FGA,FG%,3P,3PA,3P%,2P,2PA,2P%,eFG%,FT,FTA,FT%,ORB,DRB,TRB,AST,STL,BLK,TOV,PF,PTS,Awards
201,Tre Mann,24,CHO,PG,18,1,20.6,3.5,9.7,0.362,1.5,4.9,0.303,2,4.7,0.424,0.44,0.7,0.7,0.923,0.7,2.1,2.8,2.7,0.6,0.1,1.9,2.1,9.2,
202,Cam Whitmore,21,WAS,SF,21,0,16.9,3.7,8,0.456,0.8,2.7,0.286,2.9,5.4,0.54,0.503,1.1,1.5,0.742,0.9,1.9,2.8,0.7,0.7,0.4,0.9,1.2,9.2,
203,Jose Alvarado,27,NOP,PG,22,0,21.7,3.3,7.5,0.434,1.9,4.8,0.387,1.4,2.7,0.517,0.557,0.7,0.8,0.882,0.5,2.4,2.9,2.8,1,0,1.2,2.1,9.1,
204,Kyle Filipowski,22,UTA,C,21,6,22,3.1,7,0.449,1,2.8,0.339,2.2,4.2,0.523,0.517,1.9,2.6,0.722,1.8,4.4,6.2,2.5,0.5,0.5,1.2,2.9,9.1,
205,Ryan Kalkbrenner,24,CHO,C,21,20,25.6,3.8,4.8,0.8,0,0,0,3.8,4.7,0.808,0.8,1.5,2,0.756,2.9,3.8,6.7,0.5,0.8,1.9,1.2,1.7,9.1,
206,Jake LaRavia,24,LAL,PF,22,7,25.5,3.4,7.2,0.468,1,3,0.338,2.4,4.2,0.559,0.538,1.4,2,0.698,1.1,2.8,3.9,1.9,1.3,0.3,1.1,2.1,9.1,
207,Svi Mykhailiuk,28,UTA,SF,22,22,25.7,3.5,7.4,0.472,1.8,5,0.364,1.7,2.4,0.698,0.595,0.3,0.4,0.875,0.7,2,2.7,2.1,0.4,0.1,0.8,1.4,9.1,
208,Pelle Larsson,24,MIA,SG,23,16,22.4,3,6.9,0.443,1.1,3.2,0.338,2,3.7,0.536,0.522,1.8,2.3,0.778,0.4,2.1,2.5,3.3,0.6,0.2,1,2,9,
209,Daniel Gafford,27,DAL,C,15,12,22.9,3.3,5.5,0.61,0,0,,3.3,5.5,0.61,0.61,2.3,2.9,0.791,2.3,4.1,6.4,1.3,0.9,1.4,1.4,2.7,8.9,
210,Corey Kispert,26,WAS,SF,17,2,19.9,3.1,6.1,0.505,1.6,3.9,0.403,1.5,2.1,0.694,0.636,1.2,1.7,0.724,0.4,2.1,2.5,1.7,0.5,0.2,0.6,1.1,8.9,
211,Brice Sensabaugh,22,UTA,SF,21,0,16.1,3,7.3,0.409,1.6,4.6,0.34,1.4,2.7,0.526,0.516,1.3,1.6,0.848,0.7,1.9,2.6,1.2,0.7,0.2,0.9,2,8.9,
212,Trendon Watford,25,PHI,PF,14,4,20.4,3.4,6.3,0.534,0.5,1.3,0.389,2.9,5,0.571,0.574,1.7,2.1,0.8,1.1,3.6,4.7,3.6,0.4,0.2,1.5,2.7,8.9,
213,Bilal Coulibaly,21,WAS,SG,12,12,27.2,2.8,7.6,0.374,0.9,3.4,0.268,1.9,4.2,0.46,0.434,2.3,2.9,0.771,0.5,3.5,4,3,1.3,1,1.8,2.7,8.8,
214,Moussa Diabaté,24,CHO,C,23,2,22.4,3.3,5.1,0.636,0,0,,3.3,5.1,0.636,0.636,2.2,3.1,0.704,3.7,4.1,7.8,1.2,0.7,1,0.8,2.5,8.7,
215,Daniss Jenkins,24,DET,PG,18,6,18.7,3.3,7.4,0.44,0.9,2.6,0.34,2.4,4.8,0.494,0.5,1.2,1.7,0.733,0.7,1.3,2,3.7,1.1,0.1,1.4,1.3,8.7,
216,Ryan Nembhard,22,DAL,PG,11,5,18.1,3.6,6.6,0.548,1.3,2.5,0.519,2.4,4.2,0.565,0.644,0.2,0.3,0.667,0.3,1.4,1.6,4.5,0.2,0,1.1,1.5,8.7,
217,Marvin Bagley III,26,WAS,PF,17,4,17.8,3.5,5.8,0.606,0.2,0.5,0.444,3.3,5.3,0.622,0.626,1.4,1.9,0.697,2.4,2.6,4.9,1.2,0.5,0.8,0.9,2.1,8.6,
218,Jordan Goodwin,27,PHO,PG,20,2,20.3,3.4,7.8,0.429,1.3,3.7,0.351,2.1,4.1,0.5,0.513,0.5,0.6,0.75,1.9,2.5,4.3,2.1,1.5,0.2,1.1,1.7,8.5,
219,Jordan Miller,26,LAC,SF,4,0,13.5,2.3,4.8,0.474,1.3,2.5,0.5,1,2.3,0.444,0.605,2.8,3,0.917,0.8,1.5,2.3,0.8,0.5,0,0.8,0.8,8.5,
220,Tolu Smith,25,DET,PF,2,0,11,3,4,0.75,0,0,,3,4,0.75,0.75,2.5,3.5,0.714,2,3.5,5.5,1,0.5,0.5,0.5,1,8.5,
221,Cason Wallace,22,OKC,SG,22,22,28.3,3.3,7.5,0.436,1.5,4.1,0.374,1.7,3.4,0.514,0.539,0.5,0.6,0.769,0.8,2.3,3.1,2.4,2.1,0.3,1.1,2.2,8.5,
222,Egor Dёmin,19,BRK,PG,20,13,22.9,3,7.9,0.373,1.9,5.4,0.346,1.1,2.6,0.431,0.491,0.6,0.7,0.857,0.6,2.7,3.3,3.5,0.9,0.4,1.7,2,8.4,
223,Aaron Holiday,29,HOU,PG,15,0,16.5,2.6,5.9,0.438,1.7,4.1,0.426,0.9,1.9,0.464,0.584,1.5,1.7,0.88,0.1,0.8,0.9,1.3,0.5,0.1,0.9,1.3,8.4,
224,Terance Mann,29,BRK,SG,20,20,26.4,3.1,7,0.436,1,2.9,0.333,2.1,4.2,0.506,0.504,1.4,1.7,0.818,1.5,1.9,3.4,3.5,0.7,0.2,1.1,2.7,8.4,
225,Caleb Love,24,POR,SG,15,0,17.9,3,9.1,0.328,1.5,5.6,0.274,1.5,3.5,0.415,0.412,0.7,0.9,0.786,0.7,2.1,2.8,1.9,0.5,0,0.7,1.3,8.3,
Rk,Player,Age,Team,Pos,G,GS,MP,FG,FGA,FG%,3P,3PA,3P%,2P,2PA,2P%,eFG%,FT,FTA,FT%,ORB,DRB,TRB,AST,STL,BLK,TOV,PF,PTS,Awards
226,Bradley Beal,32,LAC,SG,6,6,20.2,3,8,0.375,1.2,3.2,0.368,1.8,4.8,0.379,0.448,1,1.3,0.75,0.3,0.5,0.8,1.7,0.5,0,1.5,2.3,8.2,
227,Ron Holland,20,DET,SF,23,5,21.2,3.1,7.3,0.42,0.8,2.8,0.281,2.3,4.6,0.505,0.473,1.2,1.6,0.778,0.8,2.5,3.3,1.6,1.7,0.3,1.5,2.5,8.2,
228,Jusuf Nurkić,31,UTA,C,21,16,24.3,3.3,7.3,0.458,0.3,1.5,0.226,3,5.8,0.516,0.48,1.2,2.4,0.52,2.3,7,9.3,3.8,1.6,0.4,2.6,3.1,8.2,
229,Isaac Okoro,25,CHI,SG,15,15,24.9,3,6.5,0.459,1.2,3.1,0.383,1.8,3.4,0.529,0.551,1,1.3,0.75,1.1,1.5,2.7,1.6,0.4,0.7,1,3.1,8.2,
230,Jonas Valančiūnas,33,DEN,C,22,0,12.5,3.3,5.7,0.576,0.1,0.4,0.222,3.2,5.3,0.603,0.584,1.5,2,0.773,1.4,3.3,4.6,1.1,0.1,0.5,1,1.8,8.2,
231,Isaiah Jackson,24,IND,C,23,14,19,3.1,5.1,0.615,0,0,,3.1,5.1,0.615,0.615,1.8,2.3,0.778,2.3,3.2,5.6,0.9,0.8,0.7,1.2,3.1,8.1,
232,Will Richard,23,GSW,SG,21,10,18.8,2.9,5.4,0.54,1.2,3.1,0.394,1.7,2.2,0.745,0.655,1,1.4,0.759,1,1.6,2.6,1.2,1,0,0.7,2.1,8.1,
233,Zach Collins,28,CHI,C,1,0,21,3,5,0.6,1,2,0.5,2,3,0.667,0.7,1,2,0.5,3,3,6,1,0,0,0,4,8,
234,Luguentz Dort,26,OKC,SF,15,15,29.1,2.8,7.3,0.382,1.6,5.1,0.312,1.2,2.2,0.545,0.491,0.8,0.9,0.923,1.2,2.7,3.9,1.1,1,0.4,0.7,3.1,8,
235,Ryan Dunn,23,PHO,SF,18,11,23.6,3.2,6.7,0.479,0.9,2.8,0.32,2.3,3.9,0.592,0.545,0.7,1,0.667,1.8,3.1,4.9,1.7,1.5,0.6,0.9,2.4,8,
236,Draymond Green,35,GSW,PF,20,20,28.2,2.9,7.6,0.382,1.6,4.7,0.333,1.4,3,0.458,0.484,0.7,1.1,0.619,0.8,5.3,6.1,5.5,0.8,0.9,3,3.6,8,
237,Tyrese Martin,26,BRK,SG,22,6,21.2,3,7.8,0.384,1.3,4.5,0.296,1.7,3.4,0.5,0.468,0.7,1,0.727,1,2.3,3.4,2.5,0.7,0.1,1.1,1,8,
238,Vince Williams Jr.,25,MEM,PG,18,10,22.6,2.8,7.9,0.35,1.2,4.4,0.278,1.6,3.6,0.438,0.427,1.2,1.6,0.786,0.9,3.7,4.6,5.6,0.9,0.6,2.3,2.1,8,
239,Danny Wolf,21,BRK,PF,8,0,15.4,2.5,5.6,0.444,1.4,3.1,0.44,1.1,2.5,0.45,0.567,1.6,1.8,0.929,0.8,3.1,3.9,1.8,0,0.1,1.3,1.1,8,
240,Dominick Barlow,22,PHI,PF,13,10,26.5,3.1,6,0.513,0.4,1.7,0.227,2.7,4.3,0.625,0.545,1.4,1.7,0.818,2.2,3.5,5.7,2.2,0.8,1.2,1.3,2.2,7.9,
241,Isaiah Collier,21,UTA,PG,14,1,21.4,2.6,4.9,0.522,0.4,0.9,0.385,2.2,4,0.554,0.558,2.4,3.4,0.723,0.2,1.9,2.1,5.4,0.5,0.4,2.2,1.9,7.9,
242,Buddy Hield,33,GSW,SG,23,0,18.3,2.9,7.1,0.402,1.4,4.7,0.299,1.5,2.5,0.596,0.5,0.7,0.7,0.938,0.7,1.6,2.3,1.6,1,0,1,1.4,7.8,
243,Nick Smith Jr.,21,LAL,SG,9,0,14.8,2.9,6.2,0.464,1.6,3.2,0.483,1.3,3,0.444,0.589,0.4,0.7,0.667,0.1,1,1.1,1.6,0.8,0.2,1.2,0.6,7.8,
244,Jamaree Bouyea,26,PHO,PG,7,0,13.6,3,4.9,0.618,1.3,2.1,0.6,1.7,2.7,0.632,0.75,0.4,0.6,0.75,0.3,0.9,1.1,1.4,0.7,0.3,0.1,0.9,7.7,
245,Kris Dunn,31,LAC,PG,23,17,25.9,3,6,0.5,0.8,2.3,0.358,2.2,3.7,0.588,0.569,0.8,1.1,0.76,0.8,1.8,2.7,2.7,1.6,0.2,1.2,2.3,7.7,
246,Jay Huff,27,IND,C,23,7,18.3,2.7,6.3,0.438,1.4,4.3,0.327,1.3,2,0.674,0.549,0.8,1.1,0.731,1.1,2.4,3.5,1.3,0.2,2.4,0.7,2.3,7.7,
247,Luke Kornet,30,SAS,C,14,9,24.9,2.9,4.4,0.661,0,0,,2.9,4.4,0.661,0.661,1.8,2.3,0.781,2.7,3.3,6,2.4,0.3,1.6,0.7,1.9,7.6,
248,Precious Achiuwa,26,SAC,C,15,6,20.8,3.2,5.9,0.539,0.2,1,0.2,3,4.9,0.608,0.556,0.9,1.9,0.464,1.8,3.3,5.1,0.9,0.7,0.4,0.5,1.7,7.5,
249,Kyle Anderson,32,UTA,SF,8,0,18.3,3,5.6,0.533,0.1,0.1,1,2.9,5.5,0.523,0.544,1.4,1.9,0.733,0.9,1.9,2.8,3.3,1.5,0.4,0.9,2.4,7.5,
250,Andre Drummond,32,PHI,C,21,11,22,3,5.4,0.553,0.5,1.3,0.393,2.5,4.1,0.605,0.601,1,1.6,0.636,3.1,6.1,9.2,0.8,0.7,0.9,0.9,2.3,7.5,
Rk,Player,Age,Team,Pos,G,GS,MP,FG,FGA,FG%,3P,3PA,3P%,2P,2PA,2P%,eFG%,FT,FTA,FT%,ORB,DRB,TRB,AST,STL,BLK,TOV,PF,PTS,Awards
251,Jared McCain,21,PHI,SG,13,0,18.4,2.8,7.5,0.378,1.4,4,0.346,1.5,3.5,0.413,0.469,0.4,0.5,0.833,0.2,1.8,2,1.8,0.8,0,0.9,1.4,7.5,
252,Josh Minott,23,BOS,PF,22,9,19.5,2.7,5.4,0.508,1.3,2.9,0.438,1.5,2.5,0.593,0.627,0.8,1,0.773,1.7,3.2,4.9,1.3,0.8,0.5,0.6,1.7,7.5,
253,Maxime Raynaud,22,SAC,C,14,0,15.8,2.9,5.7,0.513,0.3,0.8,0.364,2.6,4.9,0.536,0.538,1.4,1.6,0.826,1,2.7,3.7,0.9,0.4,0.4,0.6,1.9,7.5,
254,Nikola Jović,22,MIA,PF,17,1,18.6,2.5,6.4,0.389,0.9,3.1,0.283,1.6,3.2,0.491,0.458,1.5,2.1,0.722,0.6,3.2,3.8,2.6,0.5,0.4,1.8,2.2,7.4,
255,Collin Murray-Boyles,20,TOR,PF,19,4,18,2.8,5.1,0.557,0.6,1.3,0.48,2.2,3.8,0.583,0.619,1.1,1.6,0.667,1.7,1.6,3.3,1.3,0.7,0.3,1.2,2.3,7.4,
256,Patrick Williams,24,CHI,PF,21,1,21,2.5,6.7,0.376,1.5,3.7,0.403,1,3,0.344,0.486,0.9,1.3,0.667,0.7,2.5,3.1,1.2,0.9,0.3,1,1.8,7.4,
257,Kentavious Caldwell-Pope,32,MEM,SG,23,13,21.8,2.4,6.5,0.369,1.1,3.3,0.329,1.3,3.2,0.411,0.453,1.4,1.5,0.914,0.4,1.9,2.3,3,0.7,0.2,1.3,1,7.3,
258,Jaden Ivey,23,DET,SG,8,0,13.6,2.4,5.9,0.404,0.9,2.6,0.333,1.5,3.3,0.462,0.479,1.6,1.8,0.929,0.8,1.6,2.4,1,0.3,0.1,1,1.1,7.3,
259,Luke Kennard,29,ATL,SG,21,0,20.6,2.5,5.4,0.456,1.4,3.3,0.42,1.1,2.1,0.511,0.583,1,1,0.952,0.5,1.4,1.9,2.3,0.8,0,1,1.3,7.3,
260,Nae'Qwan Tomlin,25,CLE,PF,15,2,17.1,2.8,5.5,0.512,0.4,2,0.2,2.4,3.5,0.692,0.549,1.3,1.7,0.731,1.5,1.4,2.9,0.6,0.9,0.8,0.3,2.3,7.3,
261,Cole Anthony,25,MIL,PG,22,0,16.1,3.1,7.3,0.425,0.5,2.1,0.255,2.5,5.1,0.496,0.463,0.5,0.9,0.55,0.5,2.2,2.7,4.1,0.7,0.3,2,2.2,7.2,
262,Bryce McGowens,23,NOP,SG,13,4,16.4,2.4,5.1,0.47,0.6,1.5,0.421,1.8,3.6,0.489,0.53,1.8,2.4,0.742,0.2,1.6,1.8,1.5,0.5,0.2,0.3,1.2,7.2,
263,Kobe Sanders,23,LAC,SG,15,3,20.3,2.3,5.6,0.417,1.1,3,0.356,1.3,2.6,0.487,0.512,1.5,1.6,0.917,0.5,1.5,2.1,1.4,0.7,0.1,1.3,2.4,7.2,
264,Sam Hauser,28,BOS,PF,23,4,22.2,2.4,6.7,0.364,2.1,5.8,0.361,0.3,0.9,0.381,0.519,0.1,0.2,0.75,0.7,2.7,3.4,1.5,0.7,0.2,0.5,1.2,7.1,
265,Bruce Brown,29,DEN,SG,22,0,23.6,2.6,6.1,0.433,0.6,1.7,0.342,2,4.4,0.469,0.481,1.1,1.5,0.781,1,2.8,3.8,1.9,0.9,0.3,0.9,2.3,7,
266,Seth Curry,35,GSW,SG,2,0,16,3,4.5,0.667,1,2,0.5,2,2.5,0.8,0.778,0,0,,0.5,1.5,2,1.5,1,0,0,1.5,7,
267,Jordan Walsh,21,BOS,PF,19,11,20.7,2.6,4.5,0.588,0.8,1.7,0.455,1.8,2.7,0.673,0.676,0.9,1.1,0.81,1.6,3.1,4.7,1.2,1.1,0.6,0.6,2.7,6.9,
268,Gradey Dick,22,TOR,SG,24,0,16.5,2.3,5.5,0.412,1,3,0.319,1.3,2.5,0.525,0.5,1.3,1.6,0.842,0.4,1.6,2,0.7,0.7,0.1,0.5,1.2,6.8,
269,Quinten Post,25,GSW,PF,23,9,16.5,2.5,5.4,0.456,1.2,3.7,0.333,1.3,1.8,0.707,0.568,0.5,0.6,0.786,0.9,2.9,3.8,1.3,0.6,0.5,0.8,1.6,6.7,
270,Paul Reed,26,DET,C,17,2,11.8,2.8,4.2,0.676,0.4,0.7,0.5,2.5,3.5,0.712,0.718,0.7,1.1,0.667,1.8,2.5,4.3,1.1,0.9,0.8,1.1,1.5,6.7,
271,Steven Adams,32,HOU,C,17,5,21.8,2.4,4.4,0.533,0,0,,2.4,4.4,0.533,0.533,1.9,2.5,0.762,4.8,4.4,9.2,1.5,0.7,0.8,1.1,2,6.6,
272,Bub Carrington,20,WAS,PG,21,5,25.1,2.3,6.8,0.336,1.4,3.5,0.411,0.9,3.3,0.257,0.441,0.6,0.9,0.722,0.4,3.1,3.5,4,0.4,0.1,2.2,2.4,6.6,
273,Sion James,23,CHO,SG,23,13,26.1,2,4.9,0.416,1.2,3.1,0.38,0.9,1.8,0.476,0.535,1.3,1.5,0.857,0.4,2.7,3.1,1.5,0.7,0.5,1,1.7,6.6,
274,Tidjane Salaün,20,CHO,PF,10,0,14.6,2.1,4.1,0.512,1.3,2.6,0.5,0.8,1.5,0.533,0.671,1.1,1.5,0.733,0.5,3.1,3.6,0.6,0.5,0.2,0.7,1.4,6.6,
275,Day'Ron Sharpe,24,BRK,C,21,0,16,2.4,4.1,0.575,0.2,0.9,0.278,2.1,3.3,0.652,0.603,1.6,2.7,0.589,2.1,3.4,5.5,1.7,0.8,0.5,1.8,2.2,6.6,
Rk,Player,Age,Team,Pos,G,GS,MP,FG,FGA,FG%,3P,3PA,3P%,2P,2PA,2P%,eFG%,FT,FTA,FT%,ORB,DRB,TRB,AST,STL,BLK,TOV,PF,PTS,Awards
276,Goga Bitadze,26,ORL,C,22,0,17.1,2.5,3.5,0.727,0.1,0.3,0.286,2.5,3.2,0.771,0.74,1.3,1.7,0.784,1.7,3.5,5.3,1.5,0.7,1.3,0.6,2.2,6.5,
277,Dalton Knecht,24,LAL,SF,19,1,15.8,2.5,5.3,0.465,1.1,3,0.351,1.4,2.3,0.614,0.564,0.5,0.8,0.667,0.5,1.5,1.9,0.6,0.4,0.4,0.4,1.4,6.5,
278,Josh Okogie,27,HOU,SG,20,14,20.8,2.2,5,0.44,1.1,2.7,0.396,1.2,2.4,0.489,0.545,1.1,1.5,0.724,1.2,1.6,2.8,1,1.4,0.2,0.8,1.9,6.5,
279,Drake Powell,20,BRK,SG,15,0,19.1,2.3,4.7,0.493,0.7,2,0.367,1.6,2.7,0.585,0.57,1.1,1.2,0.944,0.3,1.5,1.8,2,0.9,0.1,1.1,1.8,6.5,
280,Ben Sheppard,24,IND,SG,22,11,25,2.4,6.7,0.354,1.1,4,0.273,1.3,2.7,0.475,0.435,0.7,0.9,0.789,0.8,3.3,4.1,2,0.6,0.1,0.7,2,6.5,
281,Jevon Carter,30,CHI,PG,13,0,13.7,2.1,5.2,0.397,1.6,4,0.404,0.5,1.2,0.375,0.551,0.6,0.6,1,0.4,1.1,1.5,1.2,0.6,0,0.5,1,6.4,
282,Dru Smith,28,MIA,SG,23,0,17.1,2.3,5,0.448,0.8,2.3,0.365,1.4,2.8,0.516,0.53,1,1.3,0.774,1,1.7,2.7,2.9,1.4,0.3,1,1.7,6.4,
283,Jeremy Sochan,22,SAS,PF,16,0,17.1,2.6,5.2,0.506,0.4,1.6,0.28,2.2,3.6,0.603,0.548,0.7,1,0.688,1.4,2.3,3.6,1.5,0.6,0.2,0.9,2.5,6.4,
284,Javonte Green,32,DET,SG,23,3,18.6,2.1,5,0.417,0.8,2.5,0.328,1.3,2.5,0.509,0.5,1.3,1.7,0.769,0.7,2.1,2.8,0.9,0.9,0.4,0.7,1.5,6.3,
285,Jaden Hardy,23,DAL,SG,19,0,10.7,2,4.9,0.409,1.3,3.1,0.424,0.7,1.8,0.382,0.543,0.9,1.2,0.818,0.2,1,1.2,0.5,0.2,0.1,0.8,1.1,6.3,
286,Brook Lopez,37,LAC,C,17,0,14.4,2.2,5.5,0.404,1.4,3.8,0.359,0.9,1.8,0.5,0.527,0.5,0.6,0.727,0.2,1.7,1.9,0.5,0.3,0.8,0.8,1.7,6.3,
287,Mac McClung,27,IND,SG,3,0,11.3,2.3,6,0.389,0.7,3.3,0.2,1.7,2.7,0.625,0.444,1,1.3,0.75,0,1.3,1.3,0.3,1.7,0.3,0.7,2,6.3,
288,Pat Spencer,29,GSW,PG,15,0,14.1,2.3,5.4,0.432,0.6,1.5,0.391,1.7,3.9,0.448,0.488,1.1,1.2,0.889,0.8,1.3,2.1,2.8,0.7,0.1,0.7,1.3,6.3,
289,Justin Edwards,22,PHI,SF,20,5,17.2,2.2,5.4,0.407,1.3,3.5,0.362,1,2,0.487,0.523,0.5,0.6,0.909,0.6,1.3,1.9,1.4,0.7,0.3,0.9,1.9,6.2,
290,Walter Clayton,22,UTA,PG,18,0,16.5,2.1,5.1,0.402,0.8,2.7,0.306,1.2,2.4,0.512,0.484,1.2,1.2,1,0.4,1.8,2.2,3.4,0.5,0.2,1.4,1.9,6.1,
291,Luka Garza,27,BOS,C,19,1,13.1,2.1,3.7,0.571,0.6,1.3,0.44,1.5,2.4,0.644,0.65,1.3,1.6,0.774,2,1.5,3.5,0.8,0.3,0.4,0.4,2.6,6.1,
292,Yves Missi,21,NOP,C,16,6,20.4,2.6,4.8,0.553,0,0,,2.6,4.8,0.553,0.553,0.8,1.5,0.542,3.3,2.4,5.8,1.3,0.2,1.1,1.1,2,6.1,
293,Taurean Prince,31,MIL,SF,8,0,21.1,2.1,4.8,0.447,1.5,3.5,0.429,0.6,1.3,0.5,0.605,0.4,0.4,1,0,1.6,1.6,1,0.8,0.3,0.6,2.5,6.1,
294,Jahmai Mashack,23,MEM,SG,1,0,6,2,4,0.5,2,4,0.5,0,0,,0.75,0,0,,0,2,2,0,0,0,0,0,6,
295,Doug McDermott,34,SAC,SF,1,0,8,2,3,0.667,2,3,0.667,0,0,,1,0,0,,0,0,0,0,0,0,1,1,6,
296,Blake Wesley,22,POR,SG,6,0,16.3,2.3,5.7,0.412,0.3,1.7,0.2,2,4,0.5,0.441,1,1.7,0.6,0.3,2,2.3,3.2,1.7,0.2,1.2,2.3,6,
297,Mouhamed Gueye,23,ATL,PF,24,3,17.5,2.5,5,0.488,0.6,2.2,0.269,1.9,2.9,0.652,0.545,0.4,0.8,0.5,1.2,2.7,3.9,1,0.6,0.7,0.7,1.9,5.9,
298,Kevin Love,37,UTA,PF,13,0,14.5,1.8,4.2,0.436,1.2,3.2,0.366,0.7,1.1,0.643,0.573,1.1,1.4,0.778,1.3,3.2,4.5,1.8,0.3,0.4,0.8,1.7,5.9,
299,Tristan Vukcevic,22,WAS,C,18,1,10.8,2,4.2,0.474,0.4,1.7,0.267,1.6,2.6,0.609,0.526,1.4,1.9,0.743,0.5,1.6,2.1,0.9,0.4,0.5,1.1,1.4,5.9,
300,Alex Caruso,31,OKC,SG,15,0,18.8,2,5,0.4,1.1,3.2,0.354,0.9,1.8,0.481,0.513,0.5,0.7,0.8,0.3,2.1,2.4,2.5,1.6,0.3,1,1.1,5.7,
Rk,Player,Age,Team,Pos,G,GS,MP,FG,FGA,FG%,3P,3PA,3P%,2P,2PA,2P%,eFG%,FT,FTA,FT%,ORB,DRB,TRB,AST,STL,BLK,TOV,PF,PTS,Awards
301,Drew Eubanks,28,SAC,C,22,11,15.5,2.5,4,0.614,0,0.1,0.5,2.4,3.9,0.616,0.619,0.8,1.5,0.5,0.8,2.3,3.1,0.4,0.5,0.8,1,1.5,5.7,
302,Jamal Shead,23,TOR,PG,24,0,19.1,1.8,4.9,0.359,0.9,2.6,0.333,0.9,2.3,0.389,0.449,1.3,1.6,0.821,0.4,1.3,1.7,5.2,1.2,0.1,1.1,2,5.7,
303,Al Horford,39,GSW,C,13,1,21.5,1.9,6,0.321,1.3,4.4,0.298,0.6,1.6,0.381,0.429,0.5,0.5,1,0.8,3.5,4.4,2,1,1,1.2,1.5,5.6,
304,Jett Howard,22,ORL,SF,15,0,10.5,2.1,4.6,0.449,1.1,2.9,0.386,0.9,1.7,0.56,0.572,0.3,0.3,1,0.3,0.9,1.1,0.7,0.1,0.2,0.1,0.7,5.6,
305,Kris Murray,25,POR,SF,21,2,24.9,2.2,5,0.443,0.6,2,0.279,1.7,3,0.556,0.5,0.6,0.9,0.667,1.9,2,3.9,1.1,1.1,0.2,1,2,5.6,
306,Craig Porter Jr.,25,CLE,PG,21,0,17.3,2.3,4.3,0.533,0.7,1.6,0.424,1.6,2.7,0.596,0.611,0.4,0.7,0.533,1.3,1.9,3.1,2.4,1,0.6,0.8,1.2,5.6,
307,Tyrese Proctor,21,CLE,PG,18,0,12.4,1.8,5.2,0.344,1.1,3.4,0.311,0.7,1.8,0.406,0.446,1,1.2,0.857,0.2,1.1,1.3,1.4,0.3,0,0.4,1.3,5.6,
308,Jaylin Williams,23,OKC,PF,22,2,18.3,1.8,5,0.358,1.3,4.2,0.304,0.5,0.8,0.647,0.486,0.8,1.2,0.692,0.5,4.2,4.7,2.3,0.6,0.5,1,1.9,5.6,
309,Robert Williams,28,POR,C,15,1,15.3,2.7,4,0.667,0.1,0.5,0.125,2.6,3.5,0.75,0.675,0.2,0.5,0.429,2.1,3.3,5.5,0.7,0.6,1.7,0.4,1.3,5.6,
310,Lonzo Ball,28,CLE,PG,18,3,23.6,1.8,6.3,0.292,1.4,5.2,0.266,0.4,1.1,0.421,0.403,0.4,0.7,0.667,0.9,3.7,4.6,4.9,1.2,0.3,1.8,1.8,5.5,
311,Mike Conley,38,MIN,PG,22,5,19.4,1.6,4.3,0.379,1.1,3,0.379,0.5,1.3,0.379,0.511,1.1,1.2,0.926,0.4,1.5,1.8,3.3,0.6,0.1,0.7,1.7,5.5,
312,Jordan Hawkins,23,NOP,SG,19,0,15.6,2,5.8,0.342,1.1,3.2,0.328,0.9,2.6,0.36,0.432,0.4,0.6,0.667,0.4,1.4,1.8,0.9,0.2,0.1,0.5,0.7,5.5,
313,Jaxson Hayes,25,LAL,C,19,2,17.1,2.3,3.2,0.717,0.1,0.1,1,2.2,3.1,0.712,0.725,0.9,1.3,0.68,1.3,2.7,3.9,1.1,0.4,0.6,0.5,1.6,5.5,
314,Keon Ellis,26,SAC,SG,21,2,16.7,1.9,4.5,0.411,1.3,3.3,0.391,0.6,1.2,0.462,0.553,0.4,0.8,0.563,0.2,1,1.3,0.6,1.1,0.4,0.4,1.8,5.4,
315,Dean Wade,29,CLE,PF,22,3,22.3,1.8,4.8,0.381,1,3.5,0.295,0.8,1.2,0.63,0.49,0.7,1,0.696,0.9,2.9,3.8,1.7,0.8,0.6,0.3,2,5.4,
316,Ja'Kobe Walter,21,TOR,SG,21,6,16.8,1.9,4.5,0.411,1.1,2.9,0.393,0.7,1.6,0.441,0.537,0.6,0.8,0.75,0.9,1.3,2.2,0.8,1.1,0.1,0.7,2,5.4,
317,Ben Saraf,19,BRK,SG,11,5,16.6,1.7,4.9,0.352,0.7,2.6,0.276,1,2.3,0.44,0.426,1.1,1.4,0.8,0.5,1.2,1.6,2.7,0.7,0.3,2,1.4,5.3,
318,Gabe Vincent,29,LAL,PG,11,6,22.5,1.6,4.6,0.353,1.4,3.6,0.375,0.3,1,0.273,0.5,0.6,0.6,1,0.4,0.6,1,1.8,0.5,0.1,0.5,2.5,5.3,
319,Jalen Wilson,25,BRK,PF,17,0,15.1,1.6,4.6,0.354,1.1,3.2,0.333,0.6,1.5,0.4,0.468,0.9,1.2,0.762,0.1,0.9,1.1,0.6,0.2,0,0.6,1.2,5.3,
320,Karlo Matković,24,NOP,PF,13,0,11.9,2.3,3.2,0.714,0.3,0.7,0.444,2,2.5,0.788,0.762,0.2,0.6,0.375,0.6,2.4,3,0.8,0.2,0.5,0.5,1.3,5.2,
321,Terrence Shannon Jr.,25,MIN,SG,13,0,14.3,1.6,3.8,0.42,0.8,1.8,0.417,0.8,2,0.423,0.52,1.2,1.6,0.762,0.2,1.4,1.6,0.8,0.3,0,0.9,1.6,5.2,
322,Kenrich Williams,31,OKC,PF,5,0,14.2,2,3.6,0.556,0.8,1.6,0.5,1.2,2,0.6,0.667,0.4,0.4,1,0.2,2,2.2,1.4,0,0,0.4,1.2,5.2,
323,Micah Peavy,24,NOP,SG,19,1,16.5,2.1,5.1,0.412,0.3,1.6,0.194,1.8,3.5,0.515,0.443,0.5,0.7,0.714,1.2,1.4,2.6,1.1,0.6,0.1,0.5,1.8,5.1,
324,Matisse Thybulle,28,POR,SG,4,0,12.3,1.5,2.5,0.6,1,1.5,0.667,0.5,1,0.5,0.8,1,1,1,0,1,1,0.8,2.5,0,0.3,1.8,5,
325,Tony Bradley,28,IND,C,21,3,11.8,2,3.3,0.586,0,0,0,2,3.3,0.594,0.586,1,1.4,0.724,1.6,1,2.7,0.6,0.1,0.2,0.4,2.1,4.9,
Rk,Player,Age,Team,Pos,G,GS,MP,FG,FGA,FG%,3P,3PA,3P%,2P,2PA,2P%,eFG%,FT,FTA,FT%,ORB,DRB,TRB,AST,STL,BLK,TOV,PF,PTS,Awards
326,RayJ Dennis,24,IND,PG,13,0,12.9,1.7,5.5,0.306,0.9,2.9,0.316,0.8,2.6,0.294,0.389,0.6,0.7,0.889,0.6,1,1.6,2,0.2,0.3,1.1,1.2,4.9,
327,Sidy Cissoko,21,POR,SF,18,9,18.1,1.7,4.2,0.408,0.7,2.3,0.31,1,1.9,0.529,0.493,0.7,1,0.667,0.7,1.4,2.1,1.3,0.5,0.1,0.8,2.4,4.8,
328,KJ Simpson,23,CHO,PG,10,0,13.6,1.7,5,0.34,0.7,1.9,0.368,1,3.1,0.323,0.41,0.7,1,0.7,0.3,1.6,1.9,2.5,1,0,1.8,1.1,4.8,
329,Trey Alexander,22,NOP,SG,3,0,12.3,2,3,0.667,0.7,1,0.667,1.3,2,0.667,0.778,0,0,,0,1.3,1.3,1.3,0.3,0.3,0.3,1.3,4.7,
330,Jaylen Clark,24,MIN,SG,20,0,14.9,1.6,3.8,0.421,0.8,2.1,0.366,0.9,1.8,0.486,0.52,0.8,1.2,0.625,1.1,1.2,2.3,0.5,0.8,0.1,0.3,1.7,4.7,
331,Oso Ighodaro,23,PHO,PF,23,5,17.4,2.1,3.6,0.59,0,0,0,2.1,3.6,0.598,0.59,0.4,1.1,0.385,0.8,2.7,3.5,1.7,0.7,0.6,1.2,2.5,4.7,
332,Jeremiah Robinson-Earl,25,IND,PF,17,3,17.6,1.7,4.9,0.349,0.5,1.9,0.242,1.2,2.9,0.42,0.398,0.8,0.8,0.929,1.9,3.3,5.2,0.7,0.4,0.1,0.6,1.4,4.6,
333,Jarred Vanderbilt,26,LAL,PF,14,2,18.4,1.6,3.6,0.44,0.3,1,0.286,1.3,2.6,0.5,0.48,1.1,1.4,0.842,1.4,4.2,5.6,1.5,1,0.4,1.6,1.9,4.6,
334,Jabari Walker,23,PHI,PF,21,5,13.5,1.8,3.7,0.474,0.5,1.5,0.344,1.2,2.2,0.565,0.545,0.6,0.7,0.8,1.2,2.3,3.5,0.6,0.1,0.3,0.5,1.8,4.6,
335,Nicolas Batum,37,LAC,PF,23,2,19.5,1.4,3.8,0.379,1.3,3.6,0.378,0.1,0.2,0.4,0.557,0.3,0.3,0.857,0.5,2.2,2.7,0.8,0.9,0.4,0.7,2,4.5,
336,DeAndre Jordan,37,NOP,C,2,1,11.5,2,2.5,0.8,0,0,,2,2.5,0.8,0.8,0.5,1,0.5,2,3,5,0,0,0,0.5,0.5,4.5,
337,Garrison Mathews,29,IND,SG,8,1,13.3,1.1,3,0.375,0.9,2.8,0.318,0.3,0.3,1,0.521,1.4,1.8,0.786,0.1,0.8,0.9,0.5,0.4,0.1,0.4,1.1,4.5,
338,Liam McNeeley,20,CHO,SF,17,0,13.8,1.3,3.6,0.361,0.8,2.3,0.359,0.5,1.3,0.364,0.475,1.1,1.2,0.857,0.5,1.9,2.4,0.8,0.2,0.1,0.6,1.6,4.5,
339,Keaton Wallace,26,ATL,PG,22,2,15.1,1.6,4,0.409,1,2.5,0.411,0.6,1.5,0.406,0.54,0.2,0.5,0.5,0,1.5,1.6,2.9,0.7,0.1,0.8,1.4,4.5,
340,Cam Christie,20,LAC,SG,16,0,11.5,1.3,3.8,0.344,0.6,1.8,0.31,0.8,2,0.375,0.418,1.3,1.8,0.714,0.5,1.8,2.3,0.6,0.4,0.1,0.4,0.7,4.4,
341,Spencer Jones,24,DEN,SF,18,7,15.4,1.6,2.8,0.569,0.7,1.5,0.444,0.9,1.3,0.708,0.686,0.5,0.8,0.643,1.2,0.8,2.1,0.7,0.5,0.2,0.6,2.2,4.4,
342,Pat Connaughton,33,CHO,SG,12,0,9.7,1.5,3.1,0.486,0.8,2,0.375,0.8,1.1,0.692,0.608,0.5,0.8,0.667,0.3,1.6,1.9,0.6,0.4,0.1,0.3,0.4,4.3,
343,Dereck Lively II,21,DAL,C,7,4,16.4,1.6,2.6,0.611,0,0,,1.6,2.6,0.611,0.611,1.1,1.4,0.8,2,3.3,5.3,1.9,0.6,1.6,1.4,3,4.3,
344,Olivier-Maxence Prosper,23,MEM,PF,12,0,9.9,1.3,2.9,0.429,0.1,0.8,0.111,1.2,2.2,0.538,0.443,1.7,1.8,0.909,0.8,1.7,2.4,0.5,0.2,0.1,0.4,0.7,4.3,
345,Javon Small,23,MEM,PG,8,0,12.4,1.3,3.5,0.357,0.8,2.4,0.316,0.5,1.1,0.444,0.464,1,1.3,0.8,0.1,0.9,1,2.8,0,0.1,1,0.9,4.3,
346,Ethan Thompson,26,IND,SG,3,0,14.7,1.7,2.7,0.625,1,2,0.5,0.7,0.7,1,0.813,0,0,,0,0.7,0.7,1.3,0.3,0.7,0,1.7,4.3,
347,Eric Gordon,37,PHI,SG,5,0,11.4,1.6,2.6,0.615,1,1.6,0.625,0.6,1,0.6,0.808,0,0,,0.2,0.2,0.4,0.6,0.6,0,0.6,0.4,4.2,
348,Kelly Olynyk,34,SAS,C,12,0,10.8,1.3,2.7,0.5,0.4,1.3,0.313,0.9,1.3,0.688,0.578,1.1,1.4,0.765,0.8,1.8,2.6,1.6,0.3,0,0.9,1.8,4.2,
349,Antonio Reeves,25,CHO,SG,5,0,10,1.6,3.2,0.5,1,2,0.5,0.6,1.2,0.5,0.656,0,0,,0.2,0.8,1,0.4,0.2,0,0,0.6,4.2,
350,Branden Carlson,26,OKC,C,15,0,8.9,1.7,3.2,0.521,0.5,1.5,0.348,1.1,1.7,0.68,0.604,0.2,0.3,0.6,0.5,1.5,1.9,0.7,0.1,0.5,0.2,0.9,4.1,
Rk,Player,Age,Team,Pos,G,GS,MP,FG,FGA,FG%,3P,3PA,3P%,2P,2PA,2P%,eFG%,FT,FTA,FT%,ORB,DRB,TRB,AST,STL,BLK,TOV,PF,PTS,Awards
351,Justin Champagnie,24,WAS,SF,19,4,12.1,1.3,3.2,0.41,0.2,1.2,0.182,1.1,2.1,0.538,0.443,1.2,1.4,0.885,1.6,2.1,3.7,0.8,0.7,0.3,0.4,1,4.1,
352,Trayce Jackson-Davis,25,GSW,C,13,1,11.7,1.5,3,0.513,0,0,,1.5,3,0.513,0.513,1,1.7,0.591,1.6,1.5,3.1,1,0.3,0.5,0.6,1.5,4.1,
353,Asa Newell,20,ATL,PF,14,0,8.2,1.4,2.9,0.5,0.7,1.5,0.476,0.7,1.4,0.526,0.625,0.6,0.7,0.8,0.7,0.7,1.4,0.2,0.4,0.2,0.4,1,4.1,
354,Gary Payton II,33,GSW,SG,22,1,12,1.8,3.6,0.5,0.4,1.1,0.333,1.5,2.5,0.571,0.55,0.1,0.1,1,1,2.2,3.2,1.7,0.5,0.3,0.6,1.5,4.1,
355,Keshad Johnson,24,MIA,SF,8,0,11.4,1.4,4.1,0.333,0.5,1.9,0.267,0.9,2.3,0.389,0.394,0.8,0.9,0.857,1,1.9,2.9,0.1,0.4,0.5,0.4,1,4,
356,James Wiseman,24,IND,C,1,1,20,2,3,0.667,0,0,,2,3,0.667,0.667,0,0,,4,0,4,0,0,1,3,2,4,
357,Jamison Battle,24,TOR,SF,17,1,8.1,1.5,2.2,0.676,0.8,1.3,0.591,0.7,0.9,0.8,0.851,0.2,0.3,0.8,0.2,1.2,1.4,0.2,0.1,0.1,0.4,0.6,3.9,
358,Rob Dillingham,21,MIN,PG,20,0,10.3,1.6,4.4,0.352,0.3,1,0.3,1.3,3.4,0.368,0.386,0.5,0.7,0.692,0.2,1,1.2,2,0.8,0.1,1,1.1,3.9,
359,Malaki Branham,22,WAS,SG,10,0,7.4,1.1,2.5,0.44,0.2,1.1,0.182,0.9,1.4,0.643,0.48,1.4,1.8,0.778,0.5,1.2,1.7,0.9,0.2,0.1,0.3,0.5,3.8,
360,Kobe Brown,26,LAC,PF,16,0,12,1.3,3.2,0.412,0.6,2.1,0.273,0.8,1.1,0.667,0.5,0.6,0.8,0.833,0.6,1.6,2.2,1.1,0.4,0.1,0.6,0.6,3.8,
361,Taylor Hendricks,22,UTA,PF,12,3,13.7,1.4,3.9,0.362,0.4,1.7,0.25,1,2.3,0.444,0.415,0.6,0.8,0.7,1.4,2.1,3.5,0.5,0.4,0.3,0.5,0.5,3.8,
362,Tyler Kolek,24,NYK,PG,18,0,10.2,1.5,3.4,0.443,0.5,1.7,0.3,1,1.7,0.581,0.516,0.3,0.4,0.625,0.3,0.7,0.9,1.9,0.4,0.1,0.6,1.1,3.8,
363,Emanuel Miller,25,CHI,PF,4,0,7.3,1.5,2.8,0.545,0.5,1.3,0.4,1,1.5,0.667,0.636,0.3,0.5,0.5,0,0.5,0.5,1,0.5,0,0,0.5,3.8,
364,Noah Penda,21,ORL,SF,12,0,9,1.3,2.8,0.485,0.5,0.8,0.667,0.8,2,0.417,0.576,0.6,0.8,0.778,1.5,1.7,3.2,1,0.1,0.3,0.5,1,3.8,
365,Nique Clifford,23,SAC,SG,18,2,16.2,1.3,3.7,0.343,0.5,1.7,0.29,0.8,2,0.389,0.41,0.7,1,0.667,0.6,1.8,2.4,1.7,0.4,0.3,0.6,2.2,3.7,
366,Nick Richards,28,PHO,C,22,2,9.8,1.4,2.7,0.517,0,0,,1.4,2.7,0.517,0.517,0.9,1.3,0.679,1.3,2,3.3,0.3,0.1,0.5,0.9,1.4,3.7,
367,Julian Strawther,23,DEN,SG,9,0,7.9,1.2,3.3,0.367,0.2,1.8,0.125,1,1.6,0.643,0.4,1,1.4,0.692,0,1.6,1.6,0.4,0,0.1,0.3,0.7,3.7,
368,Clint Capela,31,HOU,C,19,0,10.9,1.5,2.7,0.558,0,0,,1.5,2.7,0.558,0.558,0.5,0.7,0.714,2.5,2.2,4.7,0.4,0.5,0.7,0.4,0.9,3.6,
369,Bones Hyland,25,MIN,PG,14,0,8.5,1.4,2.9,0.488,0.6,1.8,0.32,0.9,1.1,0.75,0.585,0.2,0.3,0.75,0.1,0.9,1.1,1.3,0.4,0,0.6,1.1,3.6,
370,Chaz Lanier,24,DET,SG,12,0,10.8,1.2,3.3,0.35,1,3,0.333,0.2,0.3,0.5,0.5,0.3,0.3,1,0.5,0.7,1.2,0.8,0.3,0,0.1,0.3,3.6,
371,Larry Nance Jr.,33,CLE,PF,16,2,15,1.4,4.1,0.354,0.6,2.1,0.303,0.8,2,0.406,0.431,0.1,0.2,0.333,0.8,2,2.8,1.3,0.6,0.3,0.6,2.4,3.6,
372,Baylor Scheierman,25,BOS,SG,19,0,12.4,1.3,2.3,0.568,0.9,1.8,0.5,0.4,0.5,0.8,0.761,0.1,0.1,1,0.4,1.6,2,0.8,0.5,0.1,0.4,1.4,3.6,
373,Charles Bassey,25,MEM,C,2,0,15.5,1.5,4,0.375,0,0,,1.5,4,0.375,0.375,0.5,1.5,0.333,3.5,4,7.5,1,0.5,0.5,0.5,2.5,3.5,
374,Adem Bona,22,PHI,C,17,3,16.1,1.3,2.4,0.55,0.1,0.2,0.333,1.2,2.2,0.568,0.563,0.8,1.4,0.583,1.5,2.2,3.7,0.2,0.4,1.5,0.7,1.9,3.5,
375,Jordan McLaughlin,29,SAS,PG,8,0,9.3,1.3,3,0.417,0.6,1.9,0.333,0.6,1.1,0.556,0.521,0.4,0.4,1,0.4,0.4,0.8,1.3,0.9,0,0.3,0.9,3.5,
Rk,Player,Age,Team,Pos,G,GS,MP,FG,FGA,FG%,3P,3PA,3P%,2P,2PA,2P%,eFG%,FT,FTA,FT%,ORB,DRB,TRB,AST,STL,BLK,TOV,PF,PTS,Awards
376,Mitchell Robinson,27,NYK,C,14,9,17.1,1.6,2.5,0.657,0,0,,1.6,2.5,0.657,0.657,0.2,1.2,0.176,4.4,3.7,8.1,0.8,0.8,0.9,0.7,2.1,3.5,
377,Thomas Bryant,28,CLE,C,17,0,7.5,1.3,2.8,0.458,0.3,1.3,0.227,1,1.5,0.654,0.51,0.5,0.8,0.692,0.5,1.5,1.9,0.2,0.3,0.4,0.2,0.9,3.4,
378,Duop Reath,29,POR,C,18,0,7.6,1.2,2.3,0.537,0.9,1.7,0.516,0.3,0.6,0.6,0.732,0.1,0.1,0.5,0.2,0.7,0.8,0.2,0.2,0.1,0.2,0.7,3.4,
379,Ousmane Dieng,22,OKC,C,15,0,11.7,1.2,3.2,0.375,0.5,1.5,0.304,0.7,1.7,0.44,0.448,0.4,0.4,1,0.3,1.4,1.7,0.8,0.1,0.3,0.4,0.9,3.3,
380,Hugo González,19,BOS,SF,18,1,11.8,1.4,2.8,0.5,0.4,1,0.444,0.9,1.8,0.531,0.58,0.1,0.3,0.4,0.7,1.4,2.1,0.6,0.7,0.2,0.6,1.9,3.3,
381,Pete Nance,25,MIL,PF,4,0,2.8,1.3,1.5,0.833,0.8,1,0.75,0.5,0.5,1,1.083,0,0,,0,0.5,0.5,0.3,0,0,0,0,3.3,
382,David Jones García,24,SAS,SF,10,0,6.7,1.3,2.5,0.52,0.3,0.5,0.6,1,2,0.5,0.58,0.3,0.6,0.5,0.4,0.8,1.2,1.8,0.6,0.1,0.5,0.6,3.2,
383,Will Riley,19,WAS,SF,15,0,9.4,1.3,2.7,0.463,0.3,0.8,0.333,1,1.9,0.517,0.512,0.4,0.7,0.6,0.7,1.1,1.8,0.9,0.3,0,0.5,0.5,3.2,
384,Moussa Cisse,23,DAL,C,17,1,10.5,1.2,2,0.618,0,0,,1.2,2,0.618,0.618,0.6,1.6,0.407,1.4,2.1,3.5,0.2,0.2,1.1,0.8,1.7,3.1,
385,John Konchar,29,MEM,SG,21,0,12.8,1.2,2.2,0.532,0.4,1.2,0.346,0.8,1,0.762,0.628,0.3,0.4,0.667,0.5,2.2,2.7,1.2,0.8,0.3,0.3,0.8,3.1,
386,Mark Sears,23,MIL,PG,7,0,3.7,0.9,1.9,0.462,0.6,1.1,0.5,0.3,0.7,0.4,0.615,0.9,1.1,0.75,0.1,0.1,0.3,0.3,0,0,0.6,0.6,3.1,
387,Ochai Agbaji,25,TOR,SG,16,1,13.5,1.3,3.4,0.37,0.1,1.2,0.053,1.2,2.2,0.543,0.38,0.4,0.6,0.7,0.4,1.5,1.9,0.8,0.4,0.1,0.3,1.7,3,
388,Chris Livingston,22,CLE,SF,3,0,5.7,1.3,2.3,0.571,0,1,0,1.3,1.3,1,0.571,0.3,0.3,1,0,1,1,0.3,0.3,0,0,1.3,3,
389,Riley Minix,25,SAS,SF,3,0,2.7,1.3,2,0.667,0.3,1,0.333,1,1,1,0.75,0,0,,0.3,0.3,0.7,0.3,0.3,0,0,0.3,3,
390,Monte Morris,30,IND,PG,6,0,10.8,1.2,3.3,0.35,0.3,1.3,0.25,0.8,2,0.417,0.4,0.3,0.7,0.5,0.2,1,1.2,1.5,0.2,0.2,0.3,0.5,3,
391,Jase Richardson,20,ORL,SG,13,0,6.7,1.1,2.2,0.5,0.4,0.8,0.455,0.7,1.3,0.529,0.589,0.5,0.5,0.857,0.2,0.7,0.9,1,0.2,0,0.3,0.5,3,
392,Dalen Terry,23,CHI,SG,12,0,10.6,1.3,2.8,0.455,0.3,1,0.25,1,1.8,0.571,0.5,0.3,0.6,0.429,0.5,1.3,1.8,1.3,0.8,0.3,0.8,1.3,3,
393,Guerschon Yabusele,30,NYK,C,21,0,10.1,1.1,2.9,0.393,0.5,1.9,0.275,0.6,1,0.619,0.484,0.2,0.4,0.5,0.7,1.6,2.2,0.4,0.1,0.2,0.3,1.1,3,
394,Jonathan Isaac,28,ORL,PF,20,0,10.2,1.1,2.5,0.449,0.3,1.2,0.208,0.9,1.3,0.68,0.5,0.5,0.9,0.5,0.9,2.4,3.2,0.1,0.3,0.5,0.4,0.8,2.9,
395,Chris Paul,40,LAC,PG,16,0,14.3,1.1,3.5,0.321,0.6,1.9,0.333,0.5,1.6,0.308,0.411,0.1,0.1,0.5,0.4,1.4,1.8,3.3,0.7,0,1,1.4,2.9,
396,Julian Phillips,22,CHI,SF,20,2,10.3,1.2,2.6,0.442,0.4,1.4,0.296,0.8,1.3,0.6,0.519,0.2,0.2,0.75,0.8,0.7,1.4,0.3,0.5,0.3,0.1,1.2,2.9,
397,Bobi Klintman,22,DET,SF,6,0,8.8,1.2,3.5,0.333,0.5,1.8,0.273,0.7,1.7,0.4,0.405,0,0.5,0,0.8,1.8,2.7,0.7,0.3,0,0.8,1.5,2.8,
398,Yanic Konan Niederhauser,22,LAC,C,11,0,5.2,1.2,1.6,0.722,0,0,,1.2,1.6,0.722,0.722,0.5,0.9,0.5,0.6,0.7,1.4,0.3,0,0.3,0.3,0.4,2.8,
399,Jae'Sean Tate,30,HOU,SF,13,0,7.6,1.2,2.2,0.536,0.3,0.7,0.444,0.8,1.5,0.579,0.607,0.2,0.2,1,0.6,0.8,1.5,0.3,0.2,0,0.2,1.3,2.8,
400,Xavier Tillman Sr.,27,BOS,C,11,1,9.4,1.3,2.5,0.5,0.3,1.2,0.231,1,1.4,0.733,0.554,0,0,,0.9,1.3,2.2,0.5,0.5,0.2,0.4,0.8,2.8,
Rk,Player,Age,Team,Pos,G,GS,MP,FG,FGA,FG%,3P,3PA,3P%,2P,2PA,2P%,eFG%,FT,FTA,FT%,ORB,DRB,TRB,AST,STL,BLK,TOV,PF,PTS,Awards
401,Kevon Looney,29,NOP,C,12,6,12.9,1.2,2.8,0.424,0.1,0.6,0.143,1.1,2.2,0.5,0.439,0.3,0.5,0.5,1.7,2.3,3.9,1.4,0.3,0.4,0.5,2.1,2.7,
402,Jericho Sims,27,MIL,C,18,2,13.4,1.2,1.4,0.846,0,0,,1.2,1.4,0.846,0.846,0.3,0.4,0.714,1.3,2.4,3.7,0.7,0.2,0.3,0.7,1.5,2.7,
403,Gui Santos,23,GSW,PF,16,1,7.6,0.9,2.4,0.395,0.4,1.6,0.269,0.5,0.8,0.667,0.487,0.3,0.4,0.667,0.7,0.8,1.5,0.4,0.3,0.1,0.7,1.3,2.6,
404,Yang Hansen,20,POR,C,12,0,6.8,0.8,2.9,0.286,0.1,1.2,0.071,0.8,1.8,0.429,0.3,0.8,0.8,0.9,0.4,1.1,1.5,0.7,0,0.4,0.6,0.7,2.5,
405,Caleb Houstan,23,ATL,SF,8,0,5.4,0.8,1.6,0.462,0.6,1.3,0.5,0.1,0.4,0.333,0.654,0.4,0.4,1,0.5,0.1,0.6,0.3,0.1,0.1,0.5,0.6,2.5,
406,GG Jackson II,21,MEM,PF,8,0,6.8,0.9,3.5,0.25,0,1.5,0,0.9,2,0.438,0.25,0.8,1.1,0.667,0.4,1.4,1.8,0.3,0.5,0.1,0.3,0.5,2.5,
407,Isaiah Livers,27,PHO,PF,13,0,12.2,0.8,2.2,0.345,0.5,1.8,0.292,0.2,0.4,0.6,0.466,0.4,0.5,0.833,0.6,1.5,2.2,0.4,0.5,0.4,0.4,1.1,2.5,
408,Jahmir Young,25,MIA,PG,4,0,4.3,1,2.5,0.4,0.5,1,0.5,0.5,1.5,0.333,0.5,0,0,,0,0.3,0.3,0.8,0,0,0.3,0.8,2.5,
409,Carter Bryant,20,SAS,PF,17,0,7.9,0.9,2.8,0.319,0.5,1.6,0.296,0.4,1.2,0.35,0.404,0.2,0.2,1,0.4,1.4,1.7,0.1,0.2,0.1,0.4,0.9,2.4,
410,Elijah Harkless,25,UTA,SG,7,0,9.4,0.6,1.6,0.364,0.3,1,0.286,0.3,0.6,0.5,0.455,1,1.3,0.778,0.3,0.6,0.9,0.7,0.6,0,0.4,1.4,2.4,
411,Chris Boucher,33,BOS,PF,8,0,11.4,0.9,2.8,0.318,0.1,1.5,0.083,0.8,1.3,0.6,0.341,0.4,0.5,0.75,0.3,2,2.3,0.4,0.6,0.9,0.1,2,2.3,
412,Javonte Cooke,26,POR,SG,3,0,8,1,3.3,0.3,0.3,1.3,0.25,0.7,2,0.333,0.35,0,0,,0.3,0,0.3,1,0.3,0,1,0.3,2.3,
413,Gary Harris,31,MIL,SG,15,0,13.3,0.8,1.9,0.429,0.4,1,0.4,0.4,0.9,0.462,0.536,0.3,0.3,1,0.2,1.2,1.4,1.2,0.8,0.1,0.5,1.1,2.3,
414,Tyus Jones,29,ORL,PG,23,1,13.7,0.9,2.7,0.339,0.4,1.6,0.25,0.5,1.1,0.462,0.411,0.1,0.1,1,0.1,0.7,0.8,2,0.7,0.1,0.3,0.6,2.3,
415,Zeke Nnaji,25,DEN,PF,13,1,8.5,0.8,1.5,0.55,0.2,0.8,0.273,0.6,0.7,0.889,0.625,0.4,0.5,0.714,0.3,1.2,1.5,0.2,0.2,0.2,0.5,1.2,2.3,
416,Dwight Powell,34,DAL,C,19,1,10.5,0.6,1,0.632,0,0,,0.6,1,0.632,0.632,1,1.4,0.704,0.8,1.2,2.1,0.9,0.5,0.2,0.4,2,2.3,
417,Orlando Robinson,25,ORL,C,3,1,7.3,1,1.7,0.6,0.3,0.7,0.5,0.7,1,0.667,0.7,0,0,,0.7,0.3,1,0.7,0.3,0,0,1,2.3,
418,Lindy Waters III,28,SAS,SG,11,0,7.5,0.8,2.1,0.391,0.6,1.9,0.333,0.2,0.2,1,0.543,0,0,,0.2,1,1.2,0.5,0.2,0,0.1,0.9,2.3,
419,Luke Travers,24,CLE,SG,10,0,9.2,0.6,3.1,0.194,0.1,1.5,0.067,0.5,1.6,0.313,0.21,0.9,0.9,1,0.6,1.3,1.9,0.9,0.6,0.4,0.2,0.5,2.2,
420,Jamir Watkins,24,WAS,SG,6,1,8.5,0.8,1.5,0.556,0.2,0.7,0.25,0.7,0.8,0.8,0.611,0.3,0.3,1,0.3,1,1.3,0.5,0,0.2,0.2,1.2,2.2,
421,Devin Carter,23,SAC,PG,8,0,8.1,0.6,2.6,0.238,0.3,1.4,0.182,0.4,1.3,0.3,0.286,0.6,0.6,1,0.4,1.1,1.5,1.1,0.8,0.1,0.8,1,2.1,
422,Anthony Gill,33,WAS,PF,8,0,3.9,0.8,0.9,0.857,0.1,0.1,1,0.6,0.8,0.833,0.929,0.5,0.5,1,0.3,0.6,0.9,0,0,0.1,0.5,0.4,2.1,
423,Jeff Green,39,HOU,PF,9,0,4.6,0.8,1.7,0.467,0.6,1.3,0.417,0.2,0.3,0.667,0.633,0,0,,0.1,0.3,0.4,0,0,0.1,0,0.4,2.1,
424,Cody Williams,21,UTA,SG,12,0,12.4,0.9,3,0.306,0.2,1.5,0.111,0.8,1.5,0.5,0.333,0.1,0.3,0.333,0.3,0.6,0.8,0.5,0.3,0.2,0.4,1.6,2.1,
425,Joan Beringer,19,MIN,PF,9,0,4.1,0.9,1.2,0.727,0,0,,0.9,1.2,0.727,0.727,0.2,0.3,0.667,0.2,1.1,1.3,0,0.1,0.2,0.2,1,2,
Rk,Player,Age,Team,Pos,G,GS,MP,FG,FGA,FG%,3P,3PA,3P%,2P,2PA,2P%,eFG%,FT,FTA,FT%,ORB,DRB,TRB,AST,STL,BLK,TOV,PF,PTS,Awards
426,Koby Brea,23,PHO,SG,2,0,4,0.5,1.5,0.333,0,1,0,0.5,0.5,1,0.333,1,1,1,0,0.5,0.5,1,0,0,0,0,2,
427,JD Davison,23,HOU,PG,10,0,6.5,0.8,1.6,0.5,0.4,0.8,0.5,0.4,0.8,0.5,0.625,0,0.2,0,0,0.3,0.3,0.8,0.3,0.1,0.1,0.4,2,
428,Hunter Dickinson,25,NOP,C,1,0,5,1,2,0.5,0,0,,1,2,0.5,0.5,0,0,,0,0,0,0,0,1,2,2,2,
429,Rasheer Fleming,21,PHO,PF,12,0,5.7,0.7,2.3,0.296,0.3,1.3,0.188,0.4,0.9,0.455,0.352,0.4,0.4,1,0.6,0.7,1.3,0.2,0.3,0.2,0.3,0.8,2,
430,Johnny Furphy,21,IND,SG,5,0,13.8,0.8,2,0.4,0.4,1,0.4,0.4,1,0.4,0.5,0,0,,0.2,1.6,1.8,0.2,0.4,0,0.8,1.6,2,
431,Ron Harper Jr.,25,BOS,SF,4,0,5,0.8,2.5,0.3,0.5,2,0.25,0.3,0.5,0.5,0.4,0,0,,0.3,0.5,0.8,1,0.3,0.5,0,0.5,2,
432,Bronny James,21,LAL,SG,13,1,9.5,0.8,2.4,0.323,0.3,1.1,0.286,0.5,1.3,0.353,0.387,0.2,0.2,1,0.3,0.4,0.7,1.6,0.7,0.1,0.8,0.9,2,
433,Colby Jones,23,DET,SG,1,0,7,1,3,0.333,0,2,0,1,1,1,0.333,0,0,,0,4,4,2,0,0,0,1,2,
434,E.J. Liddell,25,BRK,PF,7,0,4.6,0.7,1.7,0.417,0.3,1.1,0.25,0.4,0.6,0.75,0.5,0.3,0.4,0.667,0.4,0.9,1.3,0,0,0,0,0.6,2,
435,Kyle Lowry,39,PHI,PG,3,0,8,0.7,1.3,0.5,0.7,1.3,0.5,0,0,,0.75,0,0,,0,0.3,0.3,1.3,0.3,0,0,0.3,2,
436,Wendell Moore Jr.,24,DET,SG,3,0,14.3,1,2,0.5,0,0.3,0,1,1.7,0.6,0.5,0,0,,0.3,1,1.3,1,0.7,0.3,0.3,0.3,2,
437,Jalen Pickett,26,DEN,SG,9,1,6.2,0.8,1.8,0.438,0.3,0.9,0.375,0.4,0.9,0.5,0.531,0.1,0.1,1,0.2,0.6,0.8,0.8,0,0,0.4,0.4,2,
438,Daeqwon Plowden,27,SAC,SG,1,0,14,1,5,0.2,0,3,0,1,2,0.5,0.2,0,0,,2,0,2,0,0,0,0,0,2,
439,PJ Hall,23,MEM,C,7,0,3.9,0.7,1.3,0.556,0.1,0.4,0.333,0.6,0.9,0.667,0.611,0.3,0.4,0.667,0.4,0.9,1.3,0.3,0,0.3,0.1,0.4,1.9,
440,Maxi Kleber,34,LAL,PF,10,0,12.1,0.6,1.5,0.4,0.3,0.8,0.375,0.3,0.7,0.429,0.5,0.3,0.4,0.75,0.6,1.2,1.8,0.6,0.2,0.3,0.2,1.6,1.8,
441,Cody Martin,30,IND,SF,4,0,13.8,0.5,2.5,0.2,0,1.3,0,0.5,1.3,0.4,0.2,0.8,1.5,0.5,0.3,3.3,3.5,0.5,1,0.5,1,1.3,1.8,
442,Nolan Traoré,19,BRK,PG,4,0,8.8,0.5,2.3,0.222,0.5,1.5,0.333,0,0.8,0,0.333,0.3,0.5,0.5,0,0.3,0.3,1.3,0.5,0,0.5,1.3,1.8,
443,Johni Broome,23,PHI,C,6,0,6.5,0.7,3.3,0.2,0,0.5,0,0.7,2.8,0.235,0.2,0.3,0.7,0.5,1,1.2,2.2,0.7,0.3,0,0.3,0.8,1.7,
444,Dylan Cardwell,24,SAC,C,3,1,11,0.7,2,0.333,0,0.3,0,0.7,1.7,0.4,0.333,0.3,0.7,0.5,0.7,1,1.7,0,0.7,1,0.7,3.3,1.7,
445,Harrison Ingram,23,SAS,SF,3,0,3.7,0.7,1,0.667,0.3,0.3,1,0.3,0.7,0.5,0.833,0,0,,1,0,1,0,0,0,0,0.7,1.7,
446,Leonard Miller,22,MIN,SF,9,0,4.2,0.7,1.3,0.5,0,0.6,0,0.7,0.8,0.857,0.5,0.3,0.6,0.6,0.1,1.1,1.2,0.4,0.2,0,0.4,0.8,1.7,
447,Dario Šarić,31,SAC,C,3,0,9.3,0.3,1.7,0.2,0.3,0.7,0.5,0,1,0,0.3,0.7,0.7,1,0.3,1.3,1.7,0.7,0,0,0.3,0,1.7,
448,Chris Youngblood,23,OKC,SG,17,0,5.2,0.5,1.4,0.333,0.4,1.2,0.3,0.1,0.2,0.5,0.458,0.4,0.4,1,0.1,0.8,0.9,0.2,0.1,0,0.1,0.9,1.7,
449,Brooks Barnhizer,23,OKC,SG,16,0,7.5,0.7,1.3,0.524,0.1,0.2,0.333,0.6,1.1,0.556,0.548,0.2,0.3,0.6,0.4,1.6,2,0.4,0.2,0.1,0.1,0.6,1.6,
450,Jamal Cain,26,ORL,SF,5,0,6.2,0.6,1.6,0.375,0.2,1,0.2,0.4,0.6,0.667,0.438,0.2,0.4,0.5,0.4,0.4,0.8,0.4,0.2,0.2,0.4,0.8,1.6,
Rk,Player,Age,Team,Pos,G,GS,MP,FG,FGA,FG%,3P,3PA,3P%,2P,2PA,2P%,eFG%,FT,FTA,FT%,ORB,DRB,TRB,AST,STL,BLK,TOV,PF,PTS,Awards
451,Taelon Peter,23,IND,SG,15,0,7.1,0.5,1.9,0.241,0.4,1.8,0.222,0.1,0.1,0.5,0.345,0.3,0.3,0.8,0.3,0.8,1.1,0.9,0.1,0.1,0.6,0.4,1.6,
452,Jacob Toppin,25,ATL,SF,5,0,3.4,0.8,1.2,0.667,0,0,,0.8,1.2,0.667,0.667,0,0,,0,0.2,0.2,0.2,0,0.2,0,0.2,1.6,
453,Amir Coffey,28,MIL,SG,17,0,8.1,0.6,1.4,0.435,0.2,0.6,0.3,0.4,0.8,0.538,0.5,0.2,0.2,1,0.2,0.6,0.8,0.5,0,0.1,0.1,0.4,1.5,
454,Tyson Etienne,26,BRK,PG,8,0,4.3,0.5,1.9,0.267,0.5,1.6,0.308,0,0.3,0,0.4,0,0,,0,0,0,0.1,0,0,0.1,0.6,1.5,
455,Myron Gardner,24,MIA,SF,4,0,2.3,0.5,0.5,1,0.5,0.5,1,0,0,,1.5,0,0,,0,0.5,0.5,0.3,0,0,0,1,1.5,
456,Nigel Hayes-Davis,31,PHO,SF,17,0,8.9,0.7,2.1,0.333,0.1,0.7,0.083,0.6,1.4,0.458,0.347,0.1,0.1,0.5,0.5,0.8,1.3,0.4,0.4,0.1,0.4,0.8,1.5,
457,DaRon Holmes,23,DEN,PF,2,0,2,0.5,0.5,1,0.5,0.5,1,0,0,,1.5,0,0,,0,0,0,0,0,0,0,0.5,1.5,
458,Rayan Rupert,21,POR,SG,16,0,7.5,0.6,1.7,0.333,0.3,0.9,0.286,0.3,0.8,0.385,0.407,0.1,0.3,0.5,0.2,1.4,1.6,0.3,0.4,0.1,0.5,1,1.5,
459,Thanasis Antetokounmpo,33,MIL,SF,8,0,2.4,0.5,0.6,0.8,0,0,,0.5,0.6,0.8,0.8,0.4,0.4,1,0.1,0.1,0.3,0,0.3,0.4,0,0.5,1.4,
460,Khaman Maluach,19,PHO,C,11,0,4.5,0.4,0.9,0.4,0,0.3,0,0.4,0.6,0.571,0.4,0.6,0.7,0.875,0.2,0.6,0.8,0.1,0,0.4,0.5,0.9,1.4,
461,Mason Plumlee,35,CHO,C,9,1,8,0.4,0.4,1,0,0,,0.4,0.4,1,1,0.6,1,0.556,0.7,1.9,2.6,1,0.3,0,0.6,0.2,1.4,
462,Adou Thiero,21,LAL,SF,7,0,6.7,0.4,0.7,0.6,0,0,,0.4,0.7,0.6,0.6,0.6,0.7,0.8,0.6,0.3,0.9,0.1,0.3,0,0.4,1.1,1.4,
463,Isaac Jones,25,2TM,PF,4,1,4.5,0.5,1,0.5,0,0.5,0,0.5,0.5,1,0.5,0.3,0.5,0.5,0.5,0,0.5,0.3,0,0,0,1,1.3,
463,Isaac Jones,25,SAC,PF,3,1,5.7,0.3,0.7,0.5,0,0.3,0,0.3,0.3,1,0.5,0.3,0.7,0.5,0.7,0,0.7,0.3,0,0,0,1.3,1,
463,Isaac Jones,25,DET,PF,1,0,1,1,2,0.5,0,1,0,1,1,1,0.5,0,0,,0,0,0,0,0,0,0,0,2,
464,Caleb Martin,30,DAL,SF,21,0,9.5,0.4,1.8,0.243,0.1,0.6,0.154,0.3,1.1,0.292,0.27,0.3,0.4,0.875,0.5,1,1.6,0.9,0.5,0.1,0.4,1.7,1.3,
465,Drew Peterson,26,CHO,PF,4,0,13.3,0.5,3.5,0.143,0,2.8,0,0.5,0.8,0.667,0.143,0.3,0.5,0.5,0.5,1.3,1.8,0.5,0.8,0.3,0,0.8,1.3,
466,Hunter Sallis,22,PHI,SG,6,0,4.2,0.5,0.8,0.6,0,0,,0.5,0.8,0.6,0.6,0.2,0.3,0.5,0,0.2,0.2,0.7,0,0.2,0.8,0.3,1.2,
467,Andre Jackson Jr.,24,MIL,SG,10,0,6.4,0.4,1.5,0.267,0.2,0.8,0.25,0.2,0.7,0.286,0.333,0.1,0.2,0.5,0.3,0.4,0.7,1.4,0.4,0.1,0.4,0.9,1.1,
468,Johnny Juzang,24,MIN,SG,8,0,2.8,0.4,1.1,0.333,0.3,0.9,0.286,0.1,0.3,0.5,0.444,0.1,0.3,0.5,0.1,0.3,0.4,0.1,0,0,0.1,0.4,1.1,
469,Curtis Jones,24,DEN,SG,2,0,1.5,0.5,1.5,0.333,0,0.5,0,0.5,1,0.5,0.333,0,0,,0.5,0.5,1,0,0,0,0,0,1,
470,Miles Kelly,23,DAL,PG,2,0,5.5,0.5,1,0.5,0,0.5,0,0.5,0.5,1,0.5,0,0,,0.5,1.5,2,0,0,0,0.5,1,1,
471,Jonathan Mogbo,24,TOR,PF,10,0,4.8,0.5,1.1,0.455,0,0,,0.5,1.1,0.455,0.455,0,0,,0.5,0.9,1.4,0.6,0.1,0.3,0.1,0.5,1,
472,Garrett Temple,39,TOR,SG,4,0,4.3,0.3,0.8,0.333,0.3,0.5,0.5,0,0.3,0,0.5,0.3,0.5,0.5,0,0.5,0.5,0.3,0.5,0.3,0.3,0.5,1,
473,Drew Timme,25,LAL,PF,2,0,4,0.5,1,0.5,0,0.5,0,0.5,0.5,1,0.5,0,0,,0.5,0.5,1,1.5,0.5,0,0,0,1,
Rk,Player,Age,Team,Pos,G,GS,MP,FG,FGA,FG%,3P,3PA,3P%,2P,2PA,2P%,eFG%,FT,FTA,FT%,ORB,DRB,TRB,AST,STL,BLK,TOV,PF,PTS,Awards
474,Bismack Biyombo,33,SAS,C,8,1,7.3,0.4,0.5,0.75,0,0,,0.4,0.5,0.75,0.75,0.1,0.3,0.5,0.3,0.5,0.8,0.4,0.4,0.1,0.4,1.3,0.9,
475,Ariel Hukporti,23,NYK,C,14,2,7.3,0.4,0.8,0.545,0,0,,0.4,0.8,0.545,0.545,0.1,0.3,0.25,0.9,1.4,2.3,0.4,0.1,0.4,0.6,1.3,0.9,
476,N'Faly Dante,24,ATL,C,4,0,3.8,0.3,1,0.25,0,0,,0.3,1,0.25,0.25,0.3,0.3,1,0.8,1,1.8,0,0.5,0,0.3,0.3,0.8,
477,Mohamed Diawara,20,NYK,SF,15,0,3.5,0.3,0.8,0.417,0.1,0.4,0.333,0.2,0.4,0.5,0.5,0,0.1,0,0.2,0.5,0.7,0.5,0.2,0.1,0.3,0.5,0.8,
478,AJ Johnson,21,WAS,SG,9,0,4.8,0.2,1.3,0.167,0,0.3,0,0.2,1,0.222,0.167,0.3,0.4,0.75,0.2,0.4,0.7,0.4,0,0,0.2,0.3,0.8,
479,Lachlan Olbrich,22,CHI,C,4,0,7.8,0.3,1.3,0.2,0,0.5,0,0.3,0.8,0.333,0.2,0,0,,0.5,1.5,2,0.8,0,0,0.5,2,0.5,
480,Amari Williams,24,BOS,PF,6,0,5.2,0.2,0.3,0.5,0,0,,0.2,0.3,0.5,0.5,0.2,0.3,0.5,0.3,0.8,1.2,0.2,0.2,0.3,0,0.7,0.5,
481,Pacome Dadiet,20,NYK,SG,9,0,2.4,0.1,0.7,0.167,0,0.3,0,0.1,0.3,0.333,0.167,0.2,0.2,1,0,0.6,0.6,0.2,0,0,0,0.1,0.4,
482,Hunter Tyson,25,DEN,PF,8,0,3.5,0,1.1,0,0,0.6,0,0,0.5,0,0,0.3,0.3,1,0.1,1.4,1.5,0.4,0.1,0,0,0.4,0.3,
483,Jahmyl Telfort,24,LAC,PF,8,0,4,0,0.5,0,0,0.5,0,0,0,,0,0.1,0.5,0.25,0,0.4,0.4,0.1,0.1,0,0.1,0.6,0.1,
484,Sharife Cooper,24,WAS,PG,4,0,2.5,0,0.3,0,0,0.3,0,0,0,,0,0,0,,0,0,0,0,0,0,0.3,0.3,0,
485,Isaiah Crawford,24,HOU,SF,1,0,3,0,0,,0,0,,0,0,,,0,0,,0,0,0,0,0,0,0,0,0,
486,Noa Essengue,19,CHI,PF,2,0,3,0,1.5,0,0,1,0,0,0.5,0,0,0,0,,0,0,0,0,0.5,0,0,0.5,0,
487,Tosan Evbuomwan,24,NYK,SF,2,0,2.5,0,0.5,0,0,0,,0,0.5,0,0,0,0,,0.5,0.5,1,0,0,0,0,0,0,
488,Trentyn Flowers,20,CHI,SF,1,0,1,0,0,,0,0,,0,0,,,0,0,,0,0,0,1,0,0,0,0,0,
489,Chucky Hepburn,22,TOR,PG,1,0,5,0,3,0,0,2,0,0,1,0,0,0,0,,0,1,1,0,1,0,0,1,0,
490,Joe Ingles,38,MIN,SF,6,0,3.8,0,0.3,0,0,0.3,0,0,0,,0,0,0,,0,0,0,1,0.2,0,0,0.3,0,
491,Kasparas Jakucionis,19,MIA,PG,1,0,1,0,2,0,0,0,,0,2,0,0,0,0,,0,0,0,0,1,0,0,0,0,
492,Trey Jemison,26,NYK,C,3,0,3.3,0,0,,0,0,,0,0,,,0,0,,0.3,0.7,1,0,0,0,0.3,0.7,0,
493,Christian Koloko,25,LAL,C,2,0,3,0,0,,0,0,,0,0,,,0,0,,0,0.5,0.5,0,0,0,0,0.5,0,
494,Chris Mañon,24,LAL,SG,2,0,3.5,0,0.5,0,0,0.5,0,0,0,,0,0,0,,0,1,1,0,0,0.5,0,1,0,
,League Average,,,,,,,,,0.47,,,0.36,,,0.548,0.545,,,0.79,,,,,,,,,,