,,Overall,,,,,,,Conf.,,,Home,,,Away,,,Points,,,School Advanced,,,,,,,,,,,,
Rk,School,G,W,L,W-L%,SRS,SOS,,W,L,,W,L,,W,L,,Tm.,Opp.,,Pace,ORtg,FTr,3PAr,TS%,TRB%,AST%,STL%,BLK%,eFG%,TOV%,ORB%,FT/FGA
1,Abilene Christian,13,8,5,0.615,-5.5,1.9,,,,,5,0,,2,4,,942,906,,68.8,105.2,0.35,0.331,0.535,54.5,54.9,14.2,10.5,0.499,17.4,38,0.25
2,Air Force,12,3,9,0.25,-10.42,-1.75,,0,1,,3,5,,0,3,,786,890,,67.2,97.5,0.437,0.407,0.539,47.9,56.1,9.3,8.9,0.51,19,25.5,0.281
3,Akron,12,9,3,0.75,13.69,-0.31,,1,0,,6,0,,1,1,,1147,935,,74,129.1,0.283,0.417,0.625,53.3,59.3,10.1,9.6,0.603,11.6,36.6,0.211
4,Alabama,12,9,3,0.75,24.32,12.32,,,,,4,1,,1,0,,1127,983,,76.7,122.4,0.352,0.52,0.597,50.4,54.3,9.9,15.7,0.562,11.8,32.2,0.268
5,Alabama A&M,12,6,6,0.5,-9.6,0.1,,,,,6,1,,0,4,,794,863,,67.9,97.4,0.391,0.345,0.502,49,45.7,8.1,8.2,0.457,15.2,26.2,0.276
6,Alabama State,12,3,9,0.25,-10.16,2.57,,,,,1,0,,1,8,,910,994,,72.8,104.2,0.321,0.375,0.522,49,51.5,11.3,9.6,0.494,14.8,33.8,0.214
7,Albany (NY),14,4,10,0.286,-13.17,1.01,,,,,2,1,,1,6,,1057,1073,,70.4,107.2,0.249,0.381,0.545,50.2,53.4,10.8,10.1,0.533,15.5,32.7,0.153
8,Alcorn State,11,1,10,0.091,-21.12,5.7,,,,,0,0,,0,10,,721,1016,,72.7,90.2,0.233,0.342,0.504,42.2,41,11.1,11,0.487,21.2,28.1,0.146
9,American,13,7,6,0.538,-7.21,-1.03,,,,,7,1,,0,5,,1032,975,,71.5,111.1,0.32,0.467,0.563,47.7,51,12.4,4.5,0.529,14.3,28.3,0.239
10,Appalachian State,14,8,6,0.571,-7.2,-4.79,,1,1,,5,2,,2,4,,1028,923,,65.6,110.9,0.366,0.439,0.54,52,51.1,7.9,11.5,0.522,13.2,34,0.223
11,Arizona,12,12,0,1,30.05,6.3,,,,,7,0,,1,0,,1075,790,,72.7,123.3,0.43,0.285,0.605,60.1,58.7,12.2,10.4,0.572,14.6,42.4,0.312
12,Arizona State,13,9,4,0.692,9.96,5.19,,,,,4,2,,1,1,,1040,978,,70.8,112.9,0.447,0.391,0.579,48.9,50.9,10.3,12,0.534,13.7,28.5,0.335
13,Arkansas,12,9,3,0.75,20.9,6.32,,,,,8,0,,0,1,,1074,899,,73.4,121.9,0.405,0.381,0.597,51.8,57.8,10.9,12,0.56,11.6,32.8,0.305
14,Arkansas State,13,9,4,0.692,-0.83,-1.58,,2,0,,4,0,,5,4,,1066,1029,,72.8,111.6,0.37,0.415,0.565,54.2,51,9.9,6.1,0.519,16.6,37.1,0.29
15,Arkansas-Pine Bluff,13,3,10,0.231,-16.21,8.07,,,,,2,0,,1,10,,1025,1177,,77.8,101.3,0.266,0.379,0.531,48.3,59.5,9.8,8.9,0.495,16.9,29.9,0.205
16,Army,13,6,7,0.462,-14.59,-4.05,,,,,4,3,,2,3,,966,1000,,69.5,104.9,0.256,0.533,0.532,51.1,58,8,3,0.504,15.1,30.3,0.185
17,Auburn,12,8,4,0.667,16.18,9.68,,,,,5,0,,0,1,,1011,933,,69.9,119.2,0.452,0.403,0.576,53.2,48.7,11,11.8,0.535,13,38.8,0.331
18,Austin Peay,10,5,5,0.5,-0.46,0.65,,,,,3,0,,2,5,,763,692,,71.8,106.2,0.311,0.439,0.539,49.3,61.9,14.8,7.6,0.51,14.5,29.4,0.217
19,Ball State,12,3,9,0.25,-14.63,-6.63,,0,1,,2,3,,0,5,,791,849,,67.5,97.6,0.313,0.399,0.495,46.6,54.3,11.4,9.4,0.463,14.9,27.7,0.21
20,Baylor,11,9,2,0.818,19.32,2.5,,,,,7,0,,0,1,,1023,838,,73,127.3,0.388,0.376,0.607,55.8,54.2,9.6,10.9,0.572,12.5,41.7,0.294
,,Overall,,,,,,,Conf.,,,Home,,,Away,,,Points,,,School Advanced,,,,,,,,,,,,
Rk,School,G,W,L,W-L%,SRS,SOS,,W,L,,W,L,,W,L,,Tm.,Opp.,,Pace,ORtg,FTr,3PAr,TS%,TRB%,AST%,STL%,BLK%,eFG%,TOV%,ORB%,FT/FGA
21,Bellarmine,12,5,7,0.417,-4.85,3.75,,,,,3,2,,1,5,,940,948,,68.2,114.9,0.355,0.391,0.624,47,53.6,11.2,4.8,0.584,16.1,22.7,0.29
22,Belmont,13,12,1,0.923,11.26,-3.4,,2,0,,5,1,,5,0,,1110,887,,72.7,117.4,0.316,0.452,0.62,54,60.8,9.1,10.4,0.607,16.6,29.9,0.211
23,Bethune-Cookman,12,3,9,0.25,-11.44,7.02,,,,,2,0,,1,7,,848,1010,,70.5,99.2,0.323,0.309,0.514,44.6,48.5,11.5,9.9,0.486,15.2,27,0.214
24,Binghamton,14,3,11,0.214,-24.4,-9.32,,,,,3,3,,0,7,,930,1090,,66.5,98.2,0.495,0.339,0.54,49.1,50.7,7.9,8.8,0.481,18.9,25.3,0.373
25,Boise State,12,8,4,0.667,16.39,10.99,,0,1,,5,1,,1,1,,924,845,,69.5,110.8,0.405,0.399,0.561,56.3,54.2,7,4.4,0.516,15.1,33.9,0.305
26,Boston College,12,6,6,0.5,-0.85,-4.43,,,,,5,2,,1,1,,846,803,,65.9,103.8,0.365,0.455,0.506,51.7,46.2,6.6,14,0.469,12.7,31.8,0.25
27,Boston University,13,5,8,0.385,-10.84,-5.75,,,,,3,2,,1,6,,970,984,,64.5,113.5,0.31,0.461,0.592,50.5,55.3,8.7,9.9,0.575,16.4,31,0.206
28,Bowling Green,13,10,3,0.769,9.04,-2.97,,1,0,,6,2,,2,1,,1152,837,,74.6,118.8,0.383,0.352,0.594,54.3,54.2,17.4,11.7,0.559,13.6,32.4,0.288
29,Bradley,13,9,4,0.692,4.26,-2.66,,2,0,,6,1,,1,1,,1020,904,,69.2,110.2,0.38,0.432,0.555,48.6,50.4,14.3,11.1,0.517,13.1,28,0.276
30,Brigham Young,13,12,1,0.923,25.47,4.71,,,,,6,0,,0,0,,1136,866,,70.5,123.9,0.354,0.408,0.609,54.3,50.6,13.3,12.9,0.577,12.3,34.1,0.268
31,Brown,12,5,7,0.417,-8.61,-7.25,,,,,3,3,,2,4,,850,784,,67,103.6,0.269,0.379,0.531,50.8,58.7,11.7,13.6,0.506,16,31,0.186
32,Bryant,13,3,10,0.231,-13.78,0.05,,,,,3,1,,0,9,,810,950,,67.4,92.5,0.269,0.506,0.501,47.2,58.2,9.9,10.6,0.467,19.2,26.2,0.197
33,Bucknell,13,3,10,0.231,-13.31,0.84,,,,,1,3,,2,4,,832,1016,,67.9,94.2,0.307,0.443,0.507,47,54.9,10.1,6.8,0.469,18.6,27.1,0.225
34,Buffalo,13,11,2,0.846,-1.64,-7.82,,1,0,,5,1,,4,1,,1032,919,,65.9,120.4,0.476,0.454,0.609,50.7,54.1,11.4,7.9,0.57,13,30,0.353
35,Butler,13,10,3,0.769,16.44,3.06,,1,1,,7,1,,0,2,,1123,949,,72,117.8,0.44,0.368,0.571,55.4,57,10.1,9.8,0.541,13.4,38.5,0.3
36,Cal Poly,14,5,9,0.357,-5.56,2.19,,1,1,,2,3,,3,5,,1158,1223,,78,105.1,0.409,0.504,0.564,51.6,48.2,8,6.3,0.52,19,30.8,0.308
37,Cal State Bakersfield,14,6,8,0.429,-12.46,-2.54,,0,2,,5,2,,1,6,,1020,1086,,72.3,100.8,0.463,0.297,0.522,48.2,43.8,11.2,15.2,0.466,17.3,32.9,0.341
38,Cal State Fullerton,13,5,8,0.385,-0.95,3.51,,0,2,,3,2,,1,5,,1165,1110,,79.9,112.2,0.377,0.393,0.566,50.1,53.6,9.5,6.8,0.537,12.6,27.1,0.26
39,Cal State Northridge,13,8,5,0.615,-5.81,-2.45,,1,1,,6,0,,2,3,,1048,1009,,75,107.6,0.32,0.36,0.526,54.2,57,9.6,7.8,0.495,14.8,36,0.221
40,California,13,12,1,0.923,14.11,-1.81,,,,,11,0,,0,1,,1080,867,,69.8,119.1,0.397,0.411,0.598,51.4,54.8,9.4,11.6,0.555,12.7,29.9,0.312
,,Overall,,,,,,,Conf.,,,Home,,,Away,,,Points,,,School Advanced,,,,,,,,,,,,
Rk,School,G,W,L,W-L%,SRS,SOS,,W,L,,W,L,,W,L,,Tm.,Opp.,,Pace,ORtg,FTr,3PAr,TS%,TRB%,AST%,STL%,BLK%,eFG%,TOV%,ORB%,FT/FGA
41,California Baptist,13,10,3,0.769,2.66,-2.11,,,,,6,0,,3,2,,980,918,,69.2,109,0.364,0.321,0.524,56.4,44.1,8.9,6.4,0.484,14.6,40.6,0.262
42,Campbell,13,6,7,0.462,-6.9,4.01,,,,,5,0,,0,7,,1051,1031,,73.6,109.9,0.441,0.363,0.552,54.8,47.9,9.2,5.7,0.515,16.6,38.7,0.305
43,Canisius,13,5,8,0.385,-19.35,-4.94,,0,2,,4,1,,1,7,,781,913,,64.5,93.1,0.353,0.369,0.5,49.8,54.2,6.7,7.1,0.466,19.5,30.1,0.235
44,Central Arkansas,13,5,8,0.385,-4.01,2.72,,,,,5,1,,0,7,,992,964,,73.1,103.4,0.266,0.514,0.53,50.8,55.4,12.3,4.9,0.512,15.2,28.5,0.17
45,Central Connecticut State,11,6,5,0.545,-8.99,-4.21,,,,,3,1,,3,4,,871,787,,69.5,112.7,0.258,0.346,0.566,52.8,55,9.6,14,0.543,13,29.3,0.185
46,Central Michigan,13,4,9,0.308,-15.63,-3.27,,0,1,,3,1,,0,7,,942,1013,,69.6,104.1,0.29,0.348,0.533,48.4,60.5,8.7,12.7,0.503,15.7,31.2,0.207
47,Charleston Southern,14,8,6,0.571,-5.73,-7.45,,,,,6,0,,2,5,,1198,1071,,75.5,113.4,0.276,0.562,0.57,53.6,64.2,6.1,9.5,0.551,14.8,31.8,0.187
48,Charlotte,13,6,7,0.462,0.19,0.27,,,,,6,2,,0,3,,937,934,,64.6,110.5,0.379,0.434,0.554,53.6,53.1,8,11.3,0.522,15.6,37,0.262
49,Chattanooga,13,6,7,0.462,-10.59,-2.89,,,,,4,2,,2,4,,1010,927,,68.4,113.7,0.295,0.537,0.572,49.4,62.2,9.7,5.4,0.543,12.3,27,0.22
50,Chicago State,13,2,11,0.154,-13.11,7.64,,,,,1,1,,1,10,,861,1087,,69.5,95.3,0.32,0.29,0.482,47.2,40.7,12.2,4.3,0.435,15.9,33.2,0.241
51,Cincinnati,12,7,5,0.583,9.29,0.38,,,,,7,1,,0,1,,896,789,,73.4,101.8,0.365,0.482,0.522,52.8,67.2,9.8,15.8,0.496,15.9,30.2,0.232
52,Clemson,13,10,3,0.769,16.37,2.53,,,,,7,0,,0,2,,1036,856,,67.2,117.5,0.395,0.426,0.568,54.7,54.7,9,8.1,0.529,11.6,33.4,0.292
53,Cleveland State,14,4,10,0.286,-16.83,-0.92,,0,3,,3,3,,0,6,,1101,1178,,72.4,108.6,0.382,0.462,0.567,49.5,59.2,7,7.9,0.532,17.2,33.1,0.276
54,Coastal Carolina,14,8,6,0.571,-8.72,-5.02,,1,1,,3,0,,4,6,,1019,990,,72.1,100.1,0.29,0.409,0.503,51,45,7.2,8.7,0.471,12.2,25.4,0.203
55,Colgate,12,6,6,0.5,-1.09,3.91,,,,,2,1,,1,5,,912,883,,67.4,110.5,0.222,0.342,0.576,47.5,51.4,9,9,0.556,13.7,25.9,0.162
56,College of Charleston,13,7,6,0.538,-0.92,-0.17,,,,,4,2,,1,2,,980,968,,69.1,109.1,0.438,0.409,0.535,50.5,47.4,8.7,11.9,0.488,12.6,31.6,0.317
57,Colorado,12,10,2,0.833,11.52,1.85,,,,,8,0,,0,1,,1036,920,,70.4,121.4,0.425,0.304,0.607,53.9,56.5,9.3,10,0.57,12.8,33.4,0.32
58,Colorado State,12,9,3,0.75,10.41,2.68,,0,1,,6,1,,1,1,,1001,866,,65.2,128,0.375,0.494,0.669,53.8,64,8.2,4.5,0.637,15.3,31.3,0.302
59,Columbia,12,9,3,0.75,3.18,-4.73,,,,,6,0,,3,3,,942,807,,68.3,113.7,0.275,0.38,0.575,58.9,55,8.7,9.4,0.552,17,39.5,0.196
60,Connecticut,13,12,1,0.923,25.98,8.59,,2,0,,7,1,,2,0,,1020,794,,67.5,116.3,0.306,0.364,0.58,54.2,62.1,10.6,17.1,0.558,13.7,34.1,0.214
,,Overall,,,,,,,Conf.,,,Home,,,Away,,,Points,,,School Advanced,,,,,,,,,,,,
Rk,School,G,W,L,W-L%,SRS,SOS,,W,L,,W,L,,W,L,,Tm.,Opp.,,Pace,ORtg,FTr,3PAr,TS%,TRB%,AST%,STL%,BLK%,eFG%,TOV%,ORB%,FT/FGA
61,Coppin State,16,2,14,0.125,-29.88,-3.42,,,,,1,0,,1,11,,1037,1393,,71.1,91.1,0.333,0.343,0.487,45.8,53.7,9.2,8.9,0.445,18.9,29.4,0.237
62,Cornell,11,6,5,0.545,-2.52,-4.22,,,,,3,0,,3,5,,994,933,,74,119.4,0.301,0.54,0.626,51.2,68.8,8,7,0.606,15.5,30.3,0.219
63,Creighton,13,8,5,0.615,15.01,6.93,,2,0,,6,1,,1,2,,1020,915,,69.1,113.5,0.258,0.491,0.575,51.6,61.9,9.1,7,0.55,14.5,30.9,0.191
64,Dartmouth,11,5,6,0.455,-8.44,-5.94,,,,,3,2,,2,4,,841,821,,70.8,108,0.386,0.517,0.572,53.2,58.2,6.7,9.9,0.537,18.1,31.7,0.28
65,Davidson,12,8,4,0.667,5.12,2.85,,,,,6,2,,1,1,,888,829,,66.3,111.6,0.376,0.426,0.573,50.6,54.5,10.8,9.6,0.549,14.5,28.9,0.253
66,Dayton,13,9,4,0.692,9.15,-0.16,,,,,7,1,,1,1,,1035,914,,70.2,111.3,0.481,0.438,0.577,49.4,57,13.2,13.4,0.533,14.6,27.3,0.352
67,Delaware,11,4,7,0.364,-9.24,-4.34,,,,,2,3,,1,3,,752,810,,67.4,100.3,0.25,0.433,0.552,48.2,57,8.8,10.3,0.525,17.9,23.3,0.186
68,Delaware State,14,5,9,0.357,-22.56,-5.86,,,,,4,1,,1,7,,866,1005,,68,90.1,0.251,0.273,0.467,47.8,49.7,12.8,5.5,0.438,16,26.4,0.17
69,Denver,15,7,8,0.467,-4.54,5.88,,,,,4,2,,3,6,,1262,1279,,70.3,119.7,0.363,0.378,0.599,49.2,40.1,6.9,5.6,0.564,13.5,31.9,0.277
70,DePaul,13,8,5,0.615,4.55,-1.14,,0,2,,6,3,,1,1,,971,897,,70,106.8,0.425,0.39,0.549,48.9,64.1,10.4,8.6,0.512,15,29,0.295
71,Detroit Mercy,12,5,7,0.417,-11.78,-2.68,,2,1,,3,1,,2,6,,910,932,,71.2,106.5,0.331,0.339,0.514,52.2,46.7,8.2,7.9,0.471,13.6,35.4,0.248
72,Drake,13,7,6,0.538,2.91,-1.19,,1,1,,3,4,,2,1,,1028,899,,67.5,116,0.32,0.433,0.579,51.4,54,8.4,10.4,0.546,12.2,28.1,0.241
73,Drexel,13,6,7,0.462,-10.53,-9.53,,,,,5,2,,1,3,,932,910,,68.1,105.4,0.302,0.408,0.526,52.5,56.8,10.4,11.4,0.505,16,35.2,0.195
74,Duke,12,11,1,0.917,29.7,5.12,,,,,6,0,,2,0,,1046,751,,70.9,123,0.414,0.467,0.611,57.1,61.9,11.1,13,0.586,13.6,36.6,0.291
75,Duquesne,12,7,5,0.583,2.12,-3.24,,,,,7,1,,0,3,,1023,943,,73.8,114.4,0.391,0.436,0.604,51.4,58.5,10.1,7.1,0.579,17.1,30.6,0.275
76,East Carolina,13,5,8,0.385,-10.05,-0.05,,,,,5,3,,0,3,,872,991,,70.3,95.4,0.409,0.32,0.483,51,46.5,10,9.5,0.432,16.7,34.3,0.29
77,East Tennessee State,13,8,5,0.615,2.16,-4.66,,,,,7,1,,1,4,,1021,878,,68.8,114.2,0.304,0.411,0.58,51.3,54,14,13.2,0.555,14.4,31.4,0.218
78,East Texas A&M,12,6,6,0.5,-10.74,1.86,,1,1,,3,0,,2,6,,927,923,,73.9,104.5,0.307,0.466,0.557,48.2,66.4,10.8,8.4,0.53,17,26.7,0.216
79,Eastern Illinois,12,4,8,0.333,-11.22,5.48,,1,1,,4,2,,0,6,,795,896,,67.9,96.5,0.324,0.319,0.519,47.5,53.8,10,10.1,0.478,18.1,27.9,0.241
80,Eastern Kentucky,13,4,9,0.308,-8.51,2.59,,,,,2,4,,2,5,,1028,1033,,73.1,108.2,0.291,0.502,0.528,51,50.3,10.4,10.6,0.495,14.7,34.5,0.212
,,Overall,,,,,,,Conf.,,,Home,,,Away,,,Points,,,School Advanced,,,,,,,,,,,,
Rk,School,G,W,L,W-L%,SRS,SOS,,W,L,,W,L,,W,L,,Tm.,Opp.,,Pace,ORtg,FTr,3PAr,TS%,TRB%,AST%,STL%,BLK%,eFG%,TOV%,ORB%,FT/FGA
81,Eastern Michigan,13,6,7,0.462,-3.51,0.99,,0,1,,4,1,,2,6,,927,943,,69.4,102.8,0.305,0.305,0.523,50.4,50,9.9,8.7,0.49,15.1,30.8,0.217
82,Eastern Washington,13,2,11,0.154,-6.69,4.4,,,,,2,1,,0,9,,1010,1125,,71.3,107,0.309,0.371,0.556,48.3,46.6,9,6.7,0.528,16.2,30.4,0.218
83,Elon,13,8,5,0.615,0.4,-2.06,,,,,5,2,,3,3,,1116,1007,,69.3,121.6,0.344,0.441,0.581,53.6,52.3,10.4,10.8,0.55,12.8,39.2,0.253
84,Evansville,13,4,9,0.308,-4.95,5.6,,0,2,,3,4,,0,3,,902,947,,68.9,100.7,0.372,0.432,0.526,48.9,57.8,8.7,12.2,0.487,16.1,28.4,0.263
85,Fairfield,13,8,5,0.615,-9.29,-8.54,,0,2,,5,1,,3,4,,1012,958,,69.9,110.2,0.255,0.374,0.521,53.7,41.9,9.5,9.9,0.491,12,35.7,0.185
86,FDU,12,3,9,0.25,-19.82,-0.93,,,,,3,2,,0,7,,851,897,,68.5,103.5,0.264,0.503,0.515,52.3,55.3,7.1,7.4,0.49,15.8,34.6,0.18
87,Florida,12,8,4,0.667,21.72,7.64,,,,,5,0,,0,1,,1012,843,,73.1,115.4,0.42,0.425,0.555,60.1,53.3,8.1,12.1,0.516,15.2,43.8,0.299
88,Florida A&M,10,3,7,0.3,-16.26,4.5,,,,,2,1,,0,6,,673,821,,72.6,91.6,0.373,0.353,0.505,44.6,49.2,11.4,8.7,0.48,19.4,25.2,0.23
89,Florida Atlantic,13,8,5,0.615,7.14,3.96,,,,,5,1,,1,2,,1078,957,,70,117.3,0.316,0.417,0.569,53.4,47.9,8.6,16.6,0.537,13.7,35.9,0.236
90,Florida Gulf Coast,12,5,7,0.417,-1.72,2.1,,,,,4,3,,1,4,,997,1003,,72.6,112.2,0.3,0.396,0.548,51.3,51.8,12,9.5,0.516,13.3,35.1,0.22
91,Florida International,11,7,4,0.636,-0.62,2.25,,,,,7,1,,0,3,,963,859,,77.1,113.6,0.387,0.383,0.563,50.7,62.6,14.5,15,0.536,14.2,36.7,0.26
92,Florida State,13,7,6,0.538,6.47,-0.22,,,,,7,1,,0,2,,1105,1018,,76.7,110.8,0.338,0.535,0.54,49.3,56.5,12.7,11.2,0.506,13.7,34.5,0.242
93,Fordham,13,9,4,0.692,-3.43,-11.33,,,,,7,2,,0,1,,981,797,,67.6,111.6,0.22,0.372,0.548,58.2,56.9,10.8,7.9,0.532,14.4,36.9,0.147
94,Fresno State,12,6,6,0.5,1.33,0.78,,0,1,,5,3,,0,3,,913,870,,71.3,106.8,0.34,0.413,0.56,51.4,53.5,10.5,6.1,0.528,16.8,31.5,0.244
95,Furman,13,9,4,0.692,-0.04,0.56,,,,,6,1,,2,1,,1022,915,,68.9,114,0.316,0.494,0.578,55.9,60.2,8.4,10.2,0.562,16,34.9,0.204
96,Gardner-Webb,15,2,13,0.133,-23.94,2.23,,,,,2,3,,0,8,,1043,1314,,72.4,96.1,0.321,0.385,0.515,45.4,42.9,8.4,7.5,0.481,17.3,25.4,0.225
97,George Mason,12,11,1,0.917,8.56,-4.44,,,,,9,0,,0,1,,960,793,,67.6,118.4,0.52,0.351,0.598,55.4,51.8,8.6,11.8,0.548,14.9,34.7,0.394
98,George Washington,13,9,4,0.692,11.2,-0.05,,,,,6,1,,1,0,,1139,947,,73.6,119.1,0.432,0.424,0.598,55.6,55.3,11.2,10.2,0.563,15.1,35.9,0.316
99,Georgetown,13,9,4,0.692,3.41,-2.52,,1,1,,7,1,,2,1,,1034,957,,69.2,112.7,0.444,0.354,0.545,51,60.5,10.7,13.6,0.499,10.7,30.9,0.322
100,Georgia,12,11,1,0.917,24.76,-3.24,,,,,8,0,,1,0,,1198,862,,78.5,125.9,0.422,0.441,0.605,55.3,50.4,13.7,18.3,0.565,12.2,38.8,0.322
,,Overall,,,,,,,Conf.,,,Home,,,Away,,,Points,,,School Advanced,,,,,,,,,,,,
Rk,School,G,W,L,W-L%,SRS,SOS,,W,L,,W,L,,W,L,,Tm.,Opp.,,Pace,ORtg,FTr,3PAr,TS%,TRB%,AST%,STL%,BLK%,eFG%,TOV%,ORB%,FT/FGA
101,Georgia Southern,15,10,5,0.667,-6.07,-7.38,,2,0,,7,0,,3,3,,1260,1182,,73.6,113.2,0.403,0.471,0.56,47,42.8,11.8,9.3,0.522,12.3,29.5,0.291
102,Georgia State,13,3,10,0.231,-16.58,-2.08,,1,1,,2,1,,1,7,,855,995,,71.1,92.5,0.349,0.465,0.48,46.8,50.7,9.2,7.3,0.426,16.1,27.5,0.267
103,Georgia Tech,12,8,4,0.667,1.54,-3.21,,,,,8,1,,0,1,,906,849,,71.6,104.3,0.348,0.322,0.528,53,62.9,9.8,12.2,0.498,15.5,32.7,0.235
104,Gonzaga,13,12,1,0.923,32.46,7.62,,,,,6,0,,1,0,,1200,877,,73.9,124.9,0.316,0.31,0.601,57.6,57.5,12,11.1,0.578,11.8,37.2,0.227
105,Grambling,12,5,7,0.417,-7.69,-0.51,,,,,2,0,,1,7,,849,884,,69.7,101.5,0.474,0.351,0.553,47,53.5,12.4,10.4,0.507,19,29,0.34
106,Grand Canyon,12,8,4,0.667,8.23,0.14,,1,0,,6,1,,1,1,,922,825,,70.3,109.3,0.407,0.367,0.553,55.4,52.1,9.4,7.5,0.504,15.3,34.7,0.312
107,Green Bay,14,6,8,0.429,-7.88,1.54,,1,2,,3,1,,1,6,,1024,1077,,66.8,108.6,0.455,0.396,0.567,48.8,51.6,7.1,8.3,0.53,14.6,24.4,0.319
108,Hampton,13,6,7,0.462,-10.93,-8.2,,,,,3,0,,2,4,,961,895,,68.1,108.6,0.411,0.386,0.535,52.9,53.4,11,10.5,0.493,15,36.7,0.293
109,Harvard,13,6,7,0.462,-4.73,-3.82,,,,,4,1,,2,5,,906,888,,65.5,106.4,0.269,0.354,0.565,50,53.6,11.4,9.9,0.532,16,26.6,0.211
110,Hawaii,12,10,2,0.833,8.93,-5.47,,2,0,,10,1,,0,1,,965,757,,71.9,111.9,0.5,0.394,0.572,57.1,53.1,9,8.5,0.527,16,34.7,0.361
111,High Point,14,11,3,0.786,7.42,-7.49,,,,,8,1,,0,1,,1307,971,,71.8,128.8,0.441,0.421,0.624,51.8,53.9,16.5,10.1,0.594,11.1,34,0.322
112,Hofstra,13,9,4,0.692,3.65,-0.44,,,,,3,0,,4,4,,1009,861,,68.2,113.8,0.306,0.41,0.569,54.1,51.8,8.5,11.2,0.541,14.6,35.3,0.221
113,Holy Cross,13,5,8,0.385,-14.11,-1.56,,,,,3,2,,1,6,,861,953,,67,98.9,0.299,0.426,0.516,47.2,46.9,9.9,4.1,0.488,15.2,24.1,0.204
114,Houston,12,11,1,0.917,22.22,2.72,,,,,6,0,,0,0,,954,720,,65.9,119.4,0.253,0.423,0.559,53.4,59.8,13.9,13.7,0.531,11.8,38.2,0.19
115,Houston Christian,12,5,7,0.417,-9.4,-5,,1,3,,3,2,,2,4,,857,879,,66.5,106.3,0.375,0.381,0.545,51.1,59.6,10.2,12,0.521,15.5,30.5,0.243
116,Howard,14,9,5,0.643,-10.03,-6.94,,,,,4,2,,2,3,,1058,990,,70.9,106.6,0.442,0.327,0.553,50.9,57.7,13.4,9.8,0.511,16.6,32.4,0.315
117,Idaho,13,8,5,0.615,-1.4,-1.4,,,,,4,0,,3,4,,1055,927,,69.6,115.5,0.339,0.508,0.584,54.8,56.4,8.5,5.8,0.548,14.1,31.6,0.261
118,Idaho State,13,7,6,0.538,2.71,2.01,,,,,4,1,,2,4,,983,912,,66,114.5,0.391,0.442,0.577,53.7,50.9,8.6,12.4,0.54,15.3,38.2,0.288
119,Illinois,12,9,3,0.75,27.74,9.24,,1,1,,6,1,,1,0,,1057,835,,69.3,127,0.356,0.467,0.601,57.5,49.2,5.4,14,0.563,11.7,39.2,0.279
120,Illinois State,13,10,3,0.769,10.43,-0.65,,2,0,,6,0,,2,1,,1053,875,,68.6,118.1,0.339,0.406,0.582,53.7,50.3,9,6.7,0.562,12.7,32,0.227
,,Overall,,,,,,,Conf.,,,Home,,,Away,,,Points,,,School Advanced,,,,,,,,,,,,
Rk,School,G,W,L,W-L%,SRS,SOS,,W,L,,W,L,,W,L,,Tm.,Opp.,,Pace,ORtg,FTr,3PAr,TS%,TRB%,AST%,STL%,BLK%,eFG%,TOV%,ORB%,FT/FGA
121,Illinois-Chicago,12,4,8,0.333,-4.84,-2.29,,0,2,,2,2,,1,5,,909,894,,68.5,109.5,0.377,0.358,0.538,50.4,53.1,12.5,13.9,0.491,15.7,39,0.288
122,Incarnate Word,12,6,6,0.5,-0.55,2.89,,1,2,,5,0,,0,5,,998,884,,68.7,121.1,0.34,0.387,0.579,54.5,47.6,9,6.8,0.553,12.5,37,0.239
123,Indiana,13,10,3,0.769,20.77,2.15,,1,1,,9,0,,0,2,,1101,859,,70.5,120.1,0.396,0.505,0.613,53.7,67.5,8.8,7.3,0.575,13.7,29.9,0.306
124,Indiana State,13,7,6,0.538,-6.46,-3.55,,0,2,,5,1,,2,4,,993,952,,71,104.6,0.315,0.467,0.555,49.3,62.9,9.3,5.9,0.525,16.4,26.1,0.226
125,Iona,13,9,4,0.692,-0.39,-2.39,,1,1,,4,1,,4,1,,1046,1020,,72.6,108.7,0.301,0.408,0.56,47.3,49.3,10.4,7.3,0.531,13.8,26.1,0.218
126,Iowa,12,10,2,0.833,21.73,1.15,,1,1,,7,0,,0,2,,966,719,,64.7,124.5,0.404,0.397,0.634,52.8,61.5,13,7.1,0.608,13.7,32.3,0.296
127,Iowa State,12,12,0,1,29.28,1.78,,,,,7,0,,1,0,,1086,756,,71,127.5,0.334,0.358,0.624,54.5,56.1,14.8,10,0.609,12.5,36.7,0.229
128,IU Indy,14,4,10,0.286,-14.43,-2.26,,0,3,,3,3,,1,6,,1236,1285,,81.3,108.6,0.216,0.468,0.548,44.6,64.8,13,9.2,0.528,13.9,29.1,0.154
129,Jackson State,12,1,11,0.083,-20.95,7.13,,,,,0,1,,1,8,,729,1066,,71.1,85.4,0.26,0.453,0.471,40.2,46.6,9.4,7.3,0.433,19.3,22.8,0.192
130,Jacksonville,13,5,8,0.385,-14.56,-0.38,,,,,3,0,,1,7,,988,984,,69.2,108.8,0.308,0.436,0.549,51.8,50.3,10.4,8.2,0.525,15.7,34.2,0.209
131,Jacksonville State,11,5,6,0.455,-10.18,-6.3,,,,,4,3,,1,2,,821,696,,68.3,109.2,0.38,0.438,0.531,54.7,52.7,9.2,9.4,0.505,13.8,34.6,0.243
132,James Madison,13,7,6,0.538,-7.41,-5.99,,0,2,,5,0,,1,6,,986,989,,67.7,111,0.354,0.457,0.556,50.3,53,8.8,14.2,0.522,14,30.7,0.256
133,Kansas,13,10,3,0.769,22.91,10.37,,,,,6,1,,1,1,,986,823,,67.3,111.6,0.322,0.378,0.569,53.4,58.2,7.9,17.5,0.535,14,29.2,0.241
134,Kansas City,13,2,11,0.154,-13.39,4.25,,,,,2,3,,0,8,,910,1071,,73.7,95,0.348,0.346,0.505,46.5,48.8,9.4,5.8,0.467,17.9,29,0.242
135,Kansas State,12,8,4,0.667,15.95,4.95,,,,,6,2,,1,1,,1056,924,,74.3,118.5,0.311,0.417,0.604,53.4,60.8,9.2,12.1,0.582,15.1,35.1,0.222
136,Kennesaw State,12,8,4,0.667,-0.21,-3.09,,0,1,,5,1,,2,1,,1120,912,,77.1,118.6,0.428,0.417,0.574,56.9,47,10.1,12.7,0.546,14.1,40.2,0.291
137,Kent State,12,10,2,0.833,2.62,-4.28,,1,0,,7,1,,1,1,,1132,956,,76.8,120.3,0.432,0.457,0.618,55.5,61.4,10,11.7,0.586,15.9,35.4,0.318
138,Kentucky,13,9,4,0.692,23.29,6.14,,,,,8,1,,0,1,,1104,881,,70.3,120.7,0.332,0.416,0.586,55.2,60.4,10.8,13.4,0.555,12.4,34.7,0.248
139,La Salle,13,4,9,0.308,-8.14,-0.06,,,,,3,1,,0,5,,862,930,,66.6,99.5,0.332,0.285,0.504,53.3,58.1,9.9,8.3,0.462,17.6,37.3,0.244
140,Lafayette,13,3,10,0.231,-14.71,-4.54,,,,,3,3,,0,7,,913,1000,,69,101.8,0.319,0.397,0.522,46.8,52.7,8,5.7,0.487,15.1,27.6,0.229
,,Overall,,,,,,,Conf.,,,Home,,,Away,,,Points,,,School Advanced,,,,,,,,,,,,
Rk,School,G,W,L,W-L%,SRS,SOS,,W,L,,W,L,,W,L,,Tm.,Opp.,,Pace,ORtg,FTr,3PAr,TS%,TRB%,AST%,STL%,BLK%,eFG%,TOV%,ORB%,FT/FGA
141,Lamar,11,5,6,0.455,-6.92,-2.47,,0,2,,3,3,,2,2,,802,758,,69.1,104.4,0.262,0.349,0.516,52.5,59.1,12.1,16.8,0.492,14.7,33.9,0.177
142,Le Moyne,12,5,7,0.417,-12.68,-5.22,,,,,2,1,,2,5,,916,954,,70.4,108.5,0.369,0.404,0.578,48.8,59.7,9.1,11.7,0.541,17,28.2,0.277
143,Lehigh,13,4,9,0.308,-11.97,-2.97,,,,,3,2,,0,6,,914,965,,68.8,100.2,0.32,0.438,0.536,45.6,52.2,10.2,8,0.507,17,25.8,0.222
144,Liberty,11,8,3,0.727,5.43,1.31,,,,,6,0,,1,1,,882,718,,65.7,122,0.244,0.492,0.635,49.6,60.4,10.4,10.5,0.633,12.3,20.7,0.151
145,Lindenwood,13,8,5,0.615,-5.48,-1.78,,2,0,,5,0,,2,5,,1080,929,,75.7,109.8,0.385,0.314,0.549,53.3,55.6,12.4,12.4,0.519,14.8,35.1,0.26
146,Lipscomb,12,7,5,0.583,2.7,3,,,,,5,0,,2,5,,1000,895,,74.6,111.7,0.254,0.486,0.572,49.4,67.6,11.8,8.4,0.543,14.8,28.7,0.196
147,Little Rock,13,4,9,0.308,-19.58,-3.76,,1,1,,2,1,,2,8,,892,1023,,70,98.1,0.293,0.301,0.526,48.5,52.7,12.2,12.2,0.51,19.9,32.2,0.179
148,Long Beach State,13,3,10,0.231,-5.91,4.6,,0,2,,3,3,,0,7,,936,1029,,69.2,102.1,0.27,0.358,0.521,49.2,46,10,6.4,0.492,15,30.3,0.191
149,Long Island University,12,6,6,0.5,-5.11,-1.36,,,,,2,1,,4,5,,922,967,,71.5,106.4,0.351,0.294,0.557,48.7,47.4,12.2,12.6,0.537,17.7,34.6,0.225
150,Longwood,14,7,7,0.5,-14.3,-9.55,,,,,4,2,,2,4,,1073,1047,,71,106.1,0.476,0.338,0.55,53.9,51,12.1,7.2,0.492,17.1,34.8,0.364
151,Louisiana,13,2,11,0.154,-16.11,-3.96,,1,1,,1,3,,1,8,,748,906,,64.2,89.6,0.288,0.407,0.476,47.3,45.1,8.1,9,0.446,17.7,26.5,0.191
152,Louisiana State,12,11,1,0.917,15.97,-1.2,,,,,7,0,,1,0,,1067,861,,70.4,125.1,0.466,0.35,0.619,55.9,51.8,8.7,11.3,0.573,13.2,35.1,0.365
153,Louisiana Tech,11,7,4,0.636,-7.31,-8.93,,,,,7,0,,0,4,,786,610,,66.2,107.9,0.294,0.32,0.528,58.1,48.2,11.3,16.4,0.508,15.9,39.7,0.188
154,Louisiana-Monroe,13,3,10,0.231,-20.09,-5.64,,0,2,,3,3,,0,6,,951,1067,,71.3,100.7,0.374,0.431,0.533,46,56,8.5,8.5,0.492,16.4,24.9,0.272
155,Louisville,12,10,2,0.833,26.03,2.62,,,,,8,0,,0,2,,1099,818,,73.7,124.3,0.393,0.554,0.611,55.4,63.6,11.2,9.2,0.575,13.4,35.4,0.301
156,Loyola (IL),13,4,9,0.308,-10.02,-2.63,,,,,3,4,,0,1,,902,998,,64.8,107,0.411,0.489,0.539,49.3,58.6,5.2,12,0.5,15.3,32.4,0.289
157,Loyola (MD),13,4,9,0.308,-17.1,-7.74,,,,,3,2,,0,6,,985,1002,,70.3,107.7,0.337,0.457,0.546,50.1,54.4,9.5,9.8,0.526,15.6,32,0.216
158,Loyola Marymount,13,9,4,0.692,4.86,-2.3,,,,,6,3,,2,0,,1028,859,,70.4,111.3,0.31,0.439,0.574,51.7,54.8,10.3,13.1,0.557,15.7,31.2,0.202
159,Maine,14,1,13,0.071,-17.88,-5.66,,,,,0,3,,1,8,,817,988,,65,89.8,0.339,0.352,0.51,43.3,48.5,12.1,11.3,0.488,20.8,24.5,0.209
160,Manhattan,13,5,8,0.385,-14.9,-3.74,,1,1,,3,2,,0,6,,1016,1084,,70.8,108.3,0.384,0.374,0.55,45.4,52.5,11.8,7.4,0.504,13.9,28.8,0.292
,,Overall,,,,,,,Conf.,,,Home,,,Away,,,Points,,,School Advanced,,,,,,,,,,,,
Rk,School,G,W,L,W-L%,SRS,SOS,,W,L,,W,L,,W,L,,Tm.,Opp.,,Pace,ORtg,FTr,3PAr,TS%,TRB%,AST%,STL%,BLK%,eFG%,TOV%,ORB%,FT/FGA
161,Marist,11,8,3,0.727,0.08,-8.22,,2,0,,6,1,,2,2,,810,695,,68.7,107.2,0.245,0.382,0.552,52.8,60.5,11.5,8.9,0.523,15.3,30.5,0.187
162,Marquette,13,5,8,0.385,2.84,3.22,,0,2,,5,3,,0,3,,1000,1005,,71.9,105,0.356,0.422,0.515,49.4,57.9,12.7,7.7,0.476,13.1,32.1,0.252
163,Marshall,13,8,5,0.615,1.6,0.27,,0,1,,6,1,,2,4,,1039,973,,71.7,111.5,0.285,0.46,0.572,52.9,61.8,7.9,15.9,0.541,16.2,34.4,0.216
164,Maryland,12,6,6,0.5,2.32,5.65,,0,2,,3,2,,1,2,,926,966,,71.4,106.9,0.486,0.434,0.544,50.9,46.9,8.1,7.1,0.488,16.7,34.9,0.365
165,Maryland-Baltimore County,12,6,6,0.5,-10.88,-4.88,,,,,4,2,,2,4,,884,873,,69.1,105.6,0.276,0.415,0.559,50.8,51.4,6.8,8.3,0.536,16.3,26.5,0.193
166,Maryland-Eastern Shore,17,4,13,0.235,-16.42,0.05,,,,,2,1,,1,12,,1078,1256,,65.5,94.8,0.228,0.341,0.517,49.4,57.5,7.8,7.9,0.498,20.5,30.9,0.151
167,Massachusetts,13,9,4,0.692,0.82,-4.43,,0,1,,6,2,,0,0,,1033,919,,73.8,107.7,0.36,0.338,0.542,55.8,63.7,9.9,6.4,0.518,16.3,36.7,0.235
168,Massachusetts-Lowell,14,5,9,0.357,-15.29,-1.74,,,,,4,1,,1,8,,1092,1117,,72.2,108.1,0.422,0.319,0.555,52.3,50.4,7.8,7.2,0.528,16.6,35.1,0.277
169,McNeese State,12,10,2,0.833,11.67,-0.83,,3,1,,5,0,,2,2,,1056,787,,70,125.7,0.366,0.324,0.607,53.3,53,16.3,16.2,0.57,12.5,40.2,0.285
170,Memphis,12,5,7,0.417,10.11,10.28,,,,,5,2,,0,3,,905,907,,71.6,104.2,0.344,0.357,0.519,50.6,52.7,12.6,12.3,0.483,16.5,37.6,0.241
171,Mercer,12,7,5,0.583,0.03,2.93,,,,,5,0,,2,5,,966,906,,72.7,110.7,0.328,0.423,0.543,48.5,49.6,12.8,8.6,0.515,12.8,31.6,0.226
172,Mercyhurst,13,5,8,0.385,-12.11,-4.47,,,,,4,0,,1,8,,866,870,,66.1,100.8,0.228,0.324,0.514,47.9,57.3,12.1,12.2,0.501,14.4,27.5,0.138
173,Merrimack,13,6,7,0.462,-10.62,-3.39,,2,0,,3,0,,2,5,,842,936,,65,99.7,0.348,0.486,0.509,40,54.9,11.6,12.1,0.458,13.6,23.9,0.27
174,Miami (FL),13,11,2,0.846,18.07,-3.7,,,,,9,0,,1,0,,1163,880,,72.5,123.5,0.368,0.325,0.601,56.9,60.1,12.2,11,0.583,13.6,39.8,0.244
175,Miami (OH),13,13,0,1,3.41,-9.99,,1,0,,7,0,,5,0,,1236,924,,73.1,128.8,0.356,0.445,0.667,54.1,54.7,10.5,8.9,0.643,13,27.2,0.272
176,Michigan,11,11,0,1,39.13,9.86,,2,0,,5,0,,2,0,,1049,727,,75,125.7,0.366,0.436,0.636,57.3,63.8,9.8,16.3,0.616,14.3,35,0.262
177,Michigan State,12,11,1,0.917,22.78,8.11,,2,0,,6,1,,1,0,,936,760,,67.3,115.9,0.342,0.337,0.557,59.7,69.7,8.9,16.9,0.521,14.4,41.1,0.253
178,Middle Tennessee,11,7,4,0.636,4.88,10.5,,1,0,,5,1,,1,1,,858,785,,71.2,109.6,0.283,0.436,0.537,51.1,50.8,9.5,13.4,0.51,13.3,32.8,0.199
179,Milwaukee,12,6,6,0.5,-5.66,0.16,,2,0,,4,1,,1,5,,966,975,,71.3,112.8,0.316,0.385,0.531,51.8,50.9,9.3,7.5,0.503,11.2,35.8,0.216
180,Minnesota,12,7,5,0.583,6.83,-0.34,,1,1,,7,0,,0,2,,885,799,,65.4,111.6,0.475,0.423,0.57,53.5,73.5,11.3,9.5,0.535,15.3,33.2,0.325
,,Overall,,,,,,,Conf.,,,Home,,,Away,,,Points,,,School Advanced,,,,,,,,,,,,
Rk,School,G,W,L,W-L%,SRS,SOS,,W,L,,W,L,,W,L,,Tm.,Opp.,,Pace,ORtg,FTr,3PAr,TS%,TRB%,AST%,STL%,BLK%,eFG%,TOV%,ORB%,FT/FGA
181,Mississippi,12,7,5,0.583,9.45,3.62,,,,,5,1,,0,1,,891,821,,67.4,110.2,0.39,0.368,0.555,50.5,56.2,11.1,15.7,0.516,14,31,0.285
182,Mississippi State,12,7,5,0.583,6.57,5.32,,,,,5,1,,1,0,,945,930,,71.4,108.1,0.325,0.407,0.543,50.4,45.4,9.1,10.9,0.516,13.9,29.8,0.221
183,Mississippi Valley State,13,1,12,0.077,-29.75,1.5,,,,,1,1,,0,9,,835,1174,,72.3,87.1,0.297,0.309,0.487,45,53.5,10.3,10.5,0.443,21.1,27.1,0.225
184,Missouri,13,10,3,0.769,8.64,-3.66,,,,,9,0,,1,2,,1089,929,,69.5,120.5,0.386,0.367,0.606,55.7,49.7,11.8,10.6,0.586,15.8,38.8,0.262
185,Missouri State,11,6,5,0.545,-7.87,-0.12,,,,,6,2,,0,3,,819,793,,68.8,108.3,0.393,0.404,0.536,50.6,53.8,10.2,9.8,0.504,13.7,33,0.264
186,Monmouth,13,6,7,0.462,-7.02,-5.1,,,,,4,1,,1,5,,951,946,,68.5,105.8,0.35,0.311,0.536,50.7,55.5,11.2,13.9,0.495,14.7,32.5,0.26
187,Montana,13,6,7,0.462,-4.19,3.48,,,,,4,4,,2,3,,1052,973,,73.6,109.9,0.384,0.422,0.598,52.6,57.7,7.6,6.9,0.566,17.6,26.1,0.282
188,Montana State,13,6,7,0.462,1.76,3.86,,,,,3,1,,2,6,,1025,900,,68.1,114.6,0.279,0.478,0.576,51.5,43.8,10.3,6.5,0.551,13.5,30.2,0.202
189,Morehead State,12,5,7,0.417,-13.84,-1.74,,2,0,,3,0,,1,7,,903,949,,70.6,105.5,0.348,0.312,0.533,50.1,49.4,11,8.8,0.499,16,35.5,0.245
190,Morgan State,13,2,11,0.154,-22.74,-4.49,,,,,2,4,,0,7,,897,1092,,70.3,98.1,0.4,0.318,0.506,48.2,52.3,6.9,7.7,0.454,17,31.9,0.297
191,Mount St. Mary's,13,4,9,0.308,-15.44,-4.77,,0,2,,2,2,,2,7,,891,988,,70,97,0.304,0.474,0.541,50.8,63.2,8.5,9.7,0.522,21.2,28.7,0.194
192,Murray State,13,10,3,0.769,9.33,-1.9,,2,0,,6,0,,1,1,,1161,1015,,73.5,121.5,0.416,0.463,0.606,52.8,53.5,7.7,7.6,0.568,14.2,36.5,0.315
193,Navy,13,8,5,0.615,-5.73,-8.55,,,,,5,1,,2,3,,950,839,,67.5,108.3,0.422,0.333,0.553,54.1,59.2,11.2,7.8,0.504,15.7,33.1,0.32
194,NC State,13,9,4,0.692,21.52,5.37,,,,,7,1,,0,1,,1148,938,,71,123.1,0.353,0.463,0.613,52.8,57.4,11.3,10.6,0.582,12.4,29.8,0.268
195,Nebraska,12,12,0,1,20.8,4.64,,2,0,,8,0,,1,0,,1000,806,,70.5,118.2,0.29,0.501,0.595,51.5,64.3,9.6,8.4,0.57,12,27.2,0.215
196,Nevada,12,9,3,0.75,10.52,5.19,,1,0,,7,1,,1,1,,932,868,,67.2,114.4,0.486,0.294,0.546,51.5,57.9,10.1,13.1,0.49,11.1,33.6,0.363
197,Nevada-Las Vegas,11,5,6,0.455,1.1,1.55,,1,0,,3,3,,2,0,,893,898,,74.7,108.7,0.466,0.359,0.551,49.1,56.2,11.9,10.8,0.514,14.9,32.4,0.32
198,New Hampshire,12,4,8,0.333,-13.8,-0.4,,,,,4,1,,0,7,,842,866,,69.8,99.4,0.252,0.409,0.501,48.8,41.6,9.7,8.9,0.473,13.7,26.7,0.174
199,New Haven,12,5,7,0.417,-14.98,-1.87,,,,,4,2,,1,5,,800,793,,66.3,100.6,0.258,0.388,0.519,50.6,48.8,12.3,7.4,0.499,15.9,28.6,0.168
200,New Mexico,12,10,2,0.833,12.07,1.98,,1,0,,8,0,,1,1,,984,823,,71.6,114.5,0.385,0.482,0.583,51.8,55.8,10.9,11.1,0.54,14.2,30,0.298
,,Overall,,,,,,,Conf.,,,Home,,,Away,,,Points,,,School Advanced,,,,,,,,,,,,
Rk,School,G,W,L,W-L%,SRS,SOS,,W,L,,W,L,,W,L,,Tm.,Opp.,,Pace,ORtg,FTr,3PAr,TS%,TRB%,AST%,STL%,BLK%,eFG%,TOV%,ORB%,FT/FGA
201,New Mexico State,10,7,3,0.7,3.71,-0.55,,1,0,,5,0,,0,1,,749,688,,69.9,107.1,0.38,0.368,0.533,52.2,50.4,11.2,11.1,0.492,14.1,33.7,0.271
202,New Orleans,11,3,8,0.273,-5.37,6.45,,1,1,,1,1,,2,7,,791,921,,70.6,100.7,0.381,0.383,0.534,49.3,55.3,8.3,10.4,0.49,18.7,32.2,0.281
203,Niagara,12,3,9,0.25,-22.08,-6.62,,0,2,,2,1,,1,7,,753,900,,65.6,95.6,0.295,0.389,0.51,44.8,57.9,9.4,10.1,0.475,16.4,23.9,0.213
204,Nicholls State,11,3,8,0.273,-5.85,3.55,,2,0,,3,0,,0,8,,831,857,,71.4,105.9,0.349,0.438,0.536,46.7,50.9,13.9,6,0.512,13.9,28.4,0.226
205,NJIT,13,4,9,0.308,-19.94,-2.86,,,,,2,2,,2,7,,809,1031,,70.1,88.8,0.329,0.476,0.484,44,50.4,6.3,8.3,0.447,18.4,23.4,0.225
206,Norfolk State,15,6,9,0.4,-7.79,1.38,,,,,4,1,,1,6,,1145,1112,,71,107.6,0.367,0.291,0.535,51.5,42.8,9.7,9.1,0.51,14.3,33.3,0.237
207,North Alabama,11,5,6,0.455,-10.93,-0.82,,,,,3,1,,2,5,,778,831,,66.9,104.5,0.352,0.34,0.51,49.8,44,10.1,13.9,0.474,13.5,32.4,0.243
208,North Carolina,13,12,1,0.923,21.26,3.42,,,,,9,0,,1,0,,1058,826,,69.2,117.5,0.405,0.424,0.575,55.6,61,8.2,9.8,0.547,12.5,35.1,0.277
209,North Carolina A&T,11,7,4,0.636,-10.21,-9.87,,,,,4,0,,3,3,,842,799,,71.4,107.2,0.568,0.332,0.553,54.2,50.9,8.8,11.6,0.506,16.6,33,0.392
210,North Carolina Central,14,4,10,0.286,-17.52,4.99,,,,,4,2,,0,8,,1017,1088,,71.4,101.7,0.396,0.332,0.515,45.5,59.2,13.8,10.8,0.466,14.7,29.6,0.291
211,North Dakota,15,5,10,0.333,-12.63,-0.4,,,,,3,4,,2,5,,1105,1148,,71.6,102,0.337,0.393,0.516,47.4,45.8,13.5,7.7,0.484,13.9,28.6,0.229
212,North Dakota State,15,10,5,0.667,0.32,-2.84,,,,,6,0,,3,4,,1213,1053,,71.2,112.7,0.337,0.411,0.559,52.2,54.9,13.1,8.2,0.526,13.9,33.8,0.245
213,North Florida,12,2,10,0.167,-17,6.7,,,,,2,1,,0,7,,945,1083,,75.1,104.9,0.263,0.509,0.558,42,51.4,9.2,3.2,0.529,16.8,26.5,0.198
214,North Texas,13,9,4,0.692,-0.31,-1.68,,,,,7,1,,1,2,,929,827,,66.8,105.9,0.426,0.371,0.549,49.9,56.8,13.9,15.8,0.512,16.4,31.7,0.295
215,Northeastern,11,4,7,0.364,-4.4,-1.95,,,,,1,2,,2,5,,809,836,,69.4,104.7,0.355,0.364,0.546,48.6,55.4,11.4,11.1,0.513,16.7,29.9,0.251
216,Northern Arizona,12,5,7,0.417,-8.47,0.73,,,,,5,1,,0,5,,865,896,,70,103,0.309,0.33,0.537,47.3,48.1,11.4,8.8,0.518,14.9,25.4,0.197
217,Northern Colorado,12,9,3,0.75,0.69,-1.87,,,,,4,1,,4,1,,1043,909,,70.3,119.9,0.281,0.461,0.615,55.2,57.5,6.3,5.5,0.592,14,30.9,0.21
218,Northern Illinois,12,5,7,0.417,-13.34,-1.64,,1,0,,4,1,,1,6,,926,940,,71,108.6,0.409,0.437,0.54,53.2,53.7,9.3,4.4,0.508,17.5,39.7,0.274
219,Northern Iowa,12,9,3,0.75,9.54,1.17,,1,0,,6,1,,2,1,,854,697,,65,107.3,0.27,0.421,0.559,47.6,65.9,12.1,12.2,0.54,12.8,20.6,0.182
220,Northern Kentucky,14,9,5,0.643,-3.35,-3.71,,1,2,,7,2,,2,3,,1180,1052,,73.3,115,0.312,0.439,0.577,52.1,52.6,13.8,11.3,0.548,15.3,36.6,0.228
,,Overall,,,,,,,Conf.,,,Home,,,Away,,,Points,,,School Advanced,,,,,,,,,,,,
Rk,School,G,W,L,W-L%,SRS,SOS,,W,L,,W,L,,W,L,,Tm.,Opp.,,Pace,ORtg,FTr,3PAr,TS%,TRB%,AST%,STL%,BLK%,eFG%,TOV%,ORB%,FT/FGA
221,Northwestern,12,7,5,0.583,12.69,2.27,,0,2,,5,1,,1,1,,967,842,,68.8,117.1,0.395,0.338,0.583,50.2,64.4,8.1,10.5,0.545,12.1,31.2,0.295
222,Northwestern State,11,3,8,0.273,-12.6,2.4,,1,1,,2,1,,1,7,,816,878,,68,107.8,0.419,0.373,0.563,46.5,52.4,10.6,6.8,0.519,16.2,28.9,0.313
223,Notre Dame,13,9,4,0.692,11.46,3.15,,,,,7,1,,1,1,,997,889,,66.5,114.2,0.329,0.416,0.577,55.4,48.3,7.4,6.2,0.55,15.2,33.3,0.234
224,Oakland,13,6,7,0.462,3,9.58,,2,0,,3,0,,2,6,,1079,1092,,73.3,113.2,0.344,0.333,0.57,47.4,53.9,10.3,7.7,0.536,12.7,27.5,0.253
225,Ohio,13,6,7,0.462,-1.49,4.78,,0,1,,5,3,,0,2,,1002,995,,70.6,108.1,0.368,0.377,0.551,48.9,50,9.3,8.5,0.524,14.6,30.4,0.247
226,Ohio State,12,9,3,0.75,17.05,2.72,,1,1,,7,1,,1,1,,1035,863,,69.6,121.4,0.412,0.408,0.619,54.2,58.1,7.3,6.5,0.578,13.6,32,0.325
227,Oklahoma,12,9,3,0.75,13.64,-0.61,,,,,6,0,,1,1,,1043,872,,70.6,123.1,0.345,0.463,0.587,53.6,54.8,9.8,10.6,0.558,11.4,35.4,0.25
228,Oklahoma State,12,11,1,0.917,13.78,1.95,,,,,9,0,,0,0,,1083,941,,77.4,116.6,0.394,0.354,0.592,54.1,51.8,9.7,9.3,0.555,15.2,33.1,0.294
229,Old Dominion,13,4,9,0.308,-6.3,0.2,,1,1,,4,1,,0,8,,965,1003,,70.9,104.7,0.342,0.388,0.539,48.9,49.7,7.8,9,0.498,14.5,26.4,0.257
230,Omaha,14,7,7,0.5,-8.02,-0.52,,,,,5,1,,2,4,,1102,1083,,69.1,112.9,0.327,0.43,0.582,51.1,52.3,9.4,7.9,0.552,15.3,30,0.239
231,Oral Roberts,15,5,10,0.333,-7.76,4.08,,,,,4,3,,0,6,,1105,1148,,71.6,102.9,0.403,0.47,0.548,48.7,47.5,9.8,8.5,0.497,18.2,29.6,0.312
232,Oregon,12,6,6,0.5,12.09,9.18,,0,2,,6,1,,0,1,,936,901,,69.8,111.8,0.404,0.449,0.551,53.4,59.2,9,11.7,0.51,15.5,38.1,0.295
233,Oregon State,13,7,6,0.538,0.68,0.22,,,,,6,2,,1,1,,952,946,,67.2,106.9,0.43,0.476,0.572,47.8,59.2,9.1,12.4,0.521,16.6,26.2,0.336
234,Pacific,13,9,4,0.692,3.57,0.48,,,,,5,0,,2,4,,992,877,,67.5,113,0.316,0.364,0.584,56.8,52.1,8.4,8.5,0.551,16.9,35.5,0.243
235,Penn State,12,8,4,0.667,2.2,-1.05,,0,2,,6,1,,1,1,,938,899,,68.3,114.5,0.348,0.342,0.571,49.3,47.4,11.7,5.6,0.54,11.7,29.4,0.25
236,Pennsylvania,11,6,5,0.545,-6.55,-3.05,,,,,5,1,,1,3,,861,849,,71.7,109.1,0.406,0.336,0.544,51.4,56.5,8.4,8.7,0.508,14.7,33.7,0.282
237,Pepperdine,13,5,8,0.385,-4.64,-1.28,,,,,4,4,,1,3,,968,960,,68.4,107.8,0.32,0.396,0.549,52.5,55.9,8,7.8,0.507,16.2,35.8,0.251
238,Pittsburgh,13,7,6,0.538,7.98,1.75,,,,,6,3,,0,2,,962,881,,65.4,113.1,0.329,0.415,0.558,53.7,50.9,10.1,11.1,0.533,14.8,35.5,0.226
239,Portland,13,7,6,0.538,-3.24,1.94,,,,,7,2,,0,4,,1062,1065,,75,107.9,0.371,0.323,0.582,52.4,64.2,8.7,10.6,0.551,17.9,30,0.267
240,Portland State,11,6,5,0.545,-3.07,-1.32,,,,,4,1,,2,4,,882,775,,71.8,111.7,0.314,0.357,0.561,54,56.4,11.1,11.9,0.539,15.8,36.2,0.212
,,Overall,,,,,,,Conf.,,,Home,,,Away,,,Points,,,School Advanced,,,,,,,,,,,,
Rk,School,G,W,L,W-L%,SRS,SOS,,W,L,,W,L,,W,L,,Tm.,Opp.,,Pace,ORtg,FTr,3PAr,TS%,TRB%,AST%,STL%,BLK%,eFG%,TOV%,ORB%,FT/FGA
241,Prairie View,12,5,7,0.417,-11.56,2.81,,,,,4,0,,0,6,,1012,941,,77.3,109,0.409,0.299,0.561,47.3,41.7,13.5,11.5,0.512,14.2,28.1,0.317
242,Presbyterian,14,6,8,0.429,-11.43,-4.34,,,,,4,1,,1,7,,949,962,,65.4,103.6,0.356,0.33,0.53,54.2,55.2,9.1,11.8,0.498,17.6,37.1,0.243
243,Princeton,14,3,11,0.214,-9.18,-1.26,,,,,3,1,,0,6,,952,1014,,67.4,100.9,0.328,0.475,0.52,50.9,57.1,7.3,5.8,0.486,15.8,27.9,0.23
244,Providence,13,7,6,0.538,8.53,2.45,,0,2,,6,1,,0,2,,1167,1088,,73.8,118.2,0.34,0.425,0.595,50.8,53.6,9.4,12.3,0.556,13.2,30.3,0.269
245,Purdue,12,11,1,0.917,27.62,9.2,,2,0,,6,1,,2,0,,1019,798,,67,126.7,0.274,0.389,0.611,58.3,65.2,8.1,11.9,0.587,13,42.1,0.206
246,Purdue Fort Wayne,14,8,6,0.571,-3.98,2.2,,2,1,,7,0,,1,6,,1188,1092,,73.5,115.4,0.275,0.436,0.586,46.5,48.1,13.8,10.6,0.564,12.4,25.1,0.198
247,Queens (NC),12,5,7,0.417,-4.57,0.34,,,,,5,0,,0,6,,1008,1051,,71.5,116.3,0.338,0.494,0.592,47.6,57.3,7.3,7.8,0.565,14.6,31.7,0.246
248,Quinnipiac,13,9,4,0.692,-1.46,-2.21,,2,0,,5,1,,4,3,,1024,955,,72.5,108.6,0.289,0.337,0.535,49.8,48.8,13,12.6,0.508,13.2,33.4,0.201
249,Radford,14,6,8,0.429,-8.91,-4.57,,,,,6,2,,0,4,,1150,1137,,74.6,110.1,0.376,0.5,0.553,49.1,53.4,11.4,10.2,0.52,14.8,32.5,0.264
250,Rhode Island,13,9,4,0.692,4.67,-3.17,,,,,6,1,,1,1,,977,875,,66.9,112.3,0.393,0.421,0.574,51.5,44.6,14.4,11.1,0.535,16.5,35.4,0.293
251,Rice,13,6,7,0.462,-5.85,0.24,,,,,5,2,,0,4,,990,939,,69.5,107.6,0.38,0.396,0.533,51.8,51.8,10.8,10.9,0.498,15.2,35.3,0.262
252,Richmond,12,10,2,0.833,7.52,-5.03,,,,,8,0,,1,1,,1006,840,,71.5,116,0.406,0.44,0.589,53.1,56.8,10.8,8.6,0.552,14,29.6,0.3
253,Rider,11,1,10,0.091,-19.8,0.5,,0,2,,1,2,,0,8,,665,836,,67.5,89.5,0.32,0.284,0.455,50.1,39.9,8.2,10.3,0.411,17.5,33.8,0.227
254,Robert Morris,14,10,4,0.714,-3.85,-4.77,,2,1,,7,0,,3,4,,1070,989,,66.3,112.2,0.264,0.379,0.548,55.4,58.5,9.1,7.1,0.527,15.3,40.3,0.181
255,Rutgers,12,6,6,0.5,-0.19,3.56,,0,2,,5,2,,0,2,,828,873,,67.1,102.8,0.412,0.339,0.511,49.2,46.2,8.8,9.6,0.468,14.6,33.4,0.286
256,Sacramento State,12,4,8,0.333,-8.34,4.66,,,,,4,1,,0,7,,919,954,,74.3,103.1,0.366,0.395,0.519,48.9,53.6,9.4,11.7,0.469,14.2,29.3,0.281
257,Sacred Heart,13,5,8,0.385,-12.03,-5.36,,1,1,,3,1,,2,7,,986,1009,,69.9,107.4,0.247,0.511,0.55,49.7,55.9,11.3,7.2,0.519,16.5,33.3,0.191
258,Saint Francis (PA),13,2,11,0.154,-23.28,2.36,,,,,2,2,,0,7,,891,1089,,72.5,94.5,0.211,0.377,0.497,47.9,52.2,10.8,7.7,0.473,16.9,28.7,0.147
259,Saint Joseph's,12,7,5,0.583,-8.34,-7.34,,,,,5,1,,0,4,,888,860,,70.8,104.6,0.333,0.428,0.519,53.1,60.1,8.6,13,0.472,15.2,35.8,0.26
260,Saint Louis,12,11,1,0.917,21.11,-2.31,,,,,9,0,,1,0,,1114,833,,75,123.7,0.374,0.436,0.627,59,57.9,10.1,7.8,0.591,15.1,37.1,0.293
,,Overall,,,,,,,Conf.,,,Home,,,Away,,,Points,,,School Advanced,,,,,,,,,,,,
Rk,School,G,W,L,W-L%,SRS,SOS,,W,L,,W,L,,W,L,,Tm.,Opp.,,Pace,ORtg,FTr,3PAr,TS%,TRB%,AST%,STL%,BLK%,eFG%,TOV%,ORB%,FT/FGA
261,Saint Mary's (CA),13,11,2,0.846,17.89,6.39,,,,,8,0,,1,0,,1028,836,,68.3,115.8,0.431,0.35,0.577,58.2,55.2,8.5,9.3,0.52,14.8,38.6,0.349
262,Saint Peter's,10,5,5,0.5,-11.1,-6.99,,2,0,,5,1,,0,4,,727,698,,67,107.1,0.311,0.449,0.521,47.6,53,16.5,10.1,0.478,13.7,33.1,0.24
263,Sam Houston,11,7,4,0.636,6.08,4.64,,0,1,,3,0,,2,4,,940,840,,73.9,115.6,0.331,0.402,0.56,55.1,51.2,10.2,10,0.521,13.9,39.7,0.253
264,Samford,13,7,6,0.538,-8.43,-1.79,,,,,4,1,,2,4,,1004,986,,70.2,107.9,0.384,0.478,0.531,49.7,54.3,7.2,7.4,0.501,11.8,27.3,0.254
265,San Diego,12,5,7,0.417,-5.62,0.83,,,,,4,3,,1,3,,882,924,,70,105,0.261,0.447,0.544,46.5,58,11.9,10,0.51,16.5,31.3,0.202
266,San Diego State,11,7,4,0.636,13.54,9.24,,1,0,,6,1,,0,0,,902,797,,70.1,114.3,0.343,0.328,0.575,52.1,58.3,10.8,15.2,0.54,15.5,35.6,0.258
267,San Francisco,13,8,5,0.615,5.63,0.96,,,,,5,1,,0,2,,1000,899,,67.2,114.4,0.404,0.474,0.578,53.3,58.8,8.2,9.9,0.547,14.7,34.1,0.284
268,San Jose State,12,5,7,0.417,-1.89,3.2,,0,1,,4,2,,0,4,,898,900,,66.8,110.9,0.33,0.354,0.551,50.4,43.1,9.3,5.5,0.52,15.1,35.7,0.236
269,Santa Clara,13,9,4,0.692,10.99,4.07,,,,,6,0,,1,1,,1028,915,,69.7,113.4,0.246,0.456,0.538,53.7,61.9,11.9,14.5,0.517,14.1,40.2,0.168
270,Seattle,13,11,2,0.846,6.11,-1.07,,,,,7,1,,3,0,,1053,865,,71.3,113.6,0.377,0.35,0.589,52.5,51.5,12.5,14.9,0.563,15.6,32,0.264
271,Seton Hall,13,11,2,0.846,13.89,1.5,,1,1,,7,1,,2,0,,970,809,,67.1,111.1,0.356,0.295,0.542,51.9,55.5,15.9,19.9,0.501,13.4,34.7,0.265
272,Siena,13,9,4,0.692,-3.37,-8.37,,2,0,,4,1,,3,3,,904,839,,65.6,105.9,0.368,0.313,0.53,52.2,49.7,11.1,8.8,0.492,14.2,32.4,0.26
273,South Alabama,13,9,4,0.692,-7.34,-8.92,,1,1,,2,1,,4,3,,974,906,,67.1,109.5,0.393,0.339,0.555,49.2,42.5,12.1,11,0.526,12.6,28,0.264
274,South Carolina,12,8,4,0.667,7.75,-3.67,,,,,8,1,,0,1,,957,820,,68.1,114.8,0.387,0.479,0.577,52.2,55.9,7.4,5.5,0.531,13.1,29.4,0.304
275,South Carolina State,14,1,13,0.071,-24.82,-1.59,,,,,1,2,,0,11,,923,1211,,71.3,92.5,0.352,0.313,0.479,45.7,49.5,9.5,8.3,0.447,17.6,32.1,0.224
276,South Carolina Upstate,15,8,7,0.533,-5.27,-2.52,,,,,6,1,,2,6,,1180,1058,,71.2,109.6,0.36,0.39,0.555,50.8,50.2,9.3,12,0.525,14.3,29.4,0.249
277,South Dakota,14,7,7,0.5,-8.09,-2.51,,,,,6,2,,0,5,,1168,1170,,73.4,111.7,0.466,0.304,0.548,51.8,40.3,10,6.4,0.502,14.6,37.2,0.333
278,South Dakota State,14,7,7,0.5,-0.88,-0.7,,,,,4,1,,2,2,,1050,966,,68.6,109.4,0.341,0.424,0.556,53.4,55,9,7.4,0.528,14.9,31.8,0.235
279,South Florida,12,7,5,0.583,12.07,3.41,,,,,5,0,,1,2,,1073,969,,75.7,116.9,0.434,0.435,0.556,52.1,57.3,12.9,12.3,0.509,12.8,38.8,0.324
280,Southeast Missouri State,13,6,7,0.462,-5.27,1.83,,1,1,,3,2,,2,5,,1028,999,,74.5,106.2,0.34,0.372,0.549,51.1,46.9,9.1,8.9,0.516,15.3,29.8,0.243
,,Overall,,,,,,,Conf.,,,Home,,,Away,,,Points,,,School Advanced,,,,,,,,,,,,
Rk,School,G,W,L,W-L%,SRS,SOS,,W,L,,W,L,,W,L,,Tm.,Opp.,,Pace,ORtg,FTr,3PAr,TS%,TRB%,AST%,STL%,BLK%,eFG%,TOV%,ORB%,FT/FGA
281,Southeastern Louisiana,12,4,8,0.333,-10.51,-3.88,,1,2,,1,2,,1,6,,787,834,,66.5,97.5,0.372,0.425,0.506,47.9,55,12.4,8.3,0.463,16.2,27.5,0.265
282,Southern,12,4,8,0.333,-11.02,5.54,,,,,3,0,,1,8,,1024,991,,76,109.9,0.342,0.336,0.558,50.1,49.6,13.3,9.7,0.534,15,32.1,0.229
283,Southern California,13,12,1,0.923,15.38,3.38,,1,1,,6,1,,2,0,,1162,979,,73,118.9,0.522,0.339,0.6,53.3,58.9,9.2,17.6,0.557,14.1,34.9,0.384
284,Southern Illinois,13,6,7,0.462,3.32,1.07,,0,2,,4,1,,1,5,,1024,956,,71.6,107.9,0.356,0.276,0.551,52.9,49.6,11.3,9.4,0.525,15.5,33,0.239
285,SIU Edwardsville,13,8,5,0.615,-9.48,-8.08,,1,1,,3,2,,4,3,,999,864,,69.2,110,0.318,0.36,0.538,52.8,49.2,12.4,11.6,0.511,13.6,33.8,0.217
286,Southern Indiana,12,3,9,0.25,-18.15,-6.85,,0,2,,2,3,,1,4,,859,918,,71.7,98.8,0.351,0.449,0.493,47.8,48,8.7,11.5,0.466,14.1,28.9,0.22
287,Southern Methodist,12,10,2,0.833,16.41,4.5,,,,,8,0,,1,1,,1074,931,,73.7,118.9,0.375,0.332,0.59,52.9,56.7,11.4,10,0.55,13.3,35.9,0.288
288,Southern Mississippi,13,7,6,0.538,-3.16,-2.43,,1,1,,4,1,,1,4,,994,943,,69.5,109,0.412,0.316,0.554,53.4,47.1,10.7,11.7,0.513,15.5,33.9,0.299
289,Southern Utah,13,4,9,0.308,-18.06,2.04,,,,,3,1,,0,8,,1010,1053,,74.1,104.9,0.269,0.377,0.543,50.7,51.6,7.8,9.9,0.515,15.8,28.8,0.195
290,St. Bonaventure,13,11,2,0.846,4.31,-1.77,,,,,7,0,,2,0,,1019,906,,67.8,114.5,0.301,0.316,0.564,54.2,57.5,12.2,14.6,0.531,15,38.6,0.226
291,St. John's (NY),12,8,4,0.667,23.53,9.36,,1,0,,7,1,,0,0,,1030,860,,73.8,116.3,0.458,0.367,0.578,52.4,56.7,11.7,13.3,0.533,14.8,38,0.34
292,St. Thomas,14,10,4,0.714,2.51,-2.08,,,,,6,0,,3,3,,1106,992,,70.4,112.2,0.321,0.451,0.591,47.1,56.9,12.7,7.6,0.567,12.4,19,0.229
293,Stanford,12,10,2,0.833,11.27,1.61,,,,,6,2,,1,0,,976,860,,71.6,113.7,0.448,0.411,0.558,54.7,48.3,12.3,8.8,0.515,13.7,36,0.325
294,Stephen F. Austin,11,9,2,0.818,4.97,-4.47,,2,0,,7,0,,2,2,,893,733,,69.4,117.1,0.26,0.4,0.55,53.3,51.5,10,12.5,0.539,11.4,35.5,0.159
295,Stetson,13,4,9,0.308,-19.11,-0.66,,,,,4,1,,0,7,,894,1049,,69.9,98.4,0.308,0.451,0.516,47.6,53,9.2,5.6,0.494,17,28.4,0.194
296,Stonehill,13,3,10,0.231,-16.69,-3.42,,,,,3,1,,0,8,,884,937,,69.6,96.8,0.245,0.402,0.512,53,53.1,6.8,9.9,0.488,18.1,30,0.168
297,Stony Brook,13,8,5,0.615,-5.92,-4.01,,,,,6,1,,1,3,,929,879,,67.9,104.2,0.293,0.428,0.526,48.5,51.7,10.9,10.4,0.495,14.5,28.5,0.207
298,Syracuse,13,9,4,0.692,9.3,-0.47,,,,,8,1,,0,0,,970,843,,67.6,109.3,0.421,0.364,0.54,49.4,48.3,10.3,18.8,0.523,13.4,32.1,0.248
299,Tarleton State,13,9,4,0.692,-0.78,-0.67,,,,,7,0,,2,4,,1048,921,,74.9,107.7,0.396,0.27,0.569,52.7,47.2,15.1,10,0.523,18.1,34.4,0.306
300,TCU,12,9,3,0.75,13.62,0.95,,,,,6,3,,1,0,,929,777,,69.2,110.7,0.378,0.385,0.551,53.3,56.2,11.6,15.5,0.513,13.9,34,0.274
,,Overall,,,,,,,Conf.,,,Home,,,Away,,,Points,,,School Advanced,,,,,,,,,,,,
Rk,School,G,W,L,W-L%,SRS,SOS,,W,L,,W,L,,W,L,,Tm.,Opp.,,Pace,ORtg,FTr,3PAr,TS%,TRB%,AST%,STL%,BLK%,eFG%,TOV%,ORB%,FT/FGA
301,Temple,13,8,5,0.615,-0.42,-3.51,,,,,6,1,,1,1,,1011,928,,66.3,117.3,0.458,0.364,0.583,50.2,52.2,7.8,12,0.541,11.4,27.4,0.337
302,Tennessee,12,9,3,0.75,21.92,4.26,,,,,7,0,,0,1,,986,774,,69.1,118.9,0.345,0.355,0.572,59.1,64,11.2,11.5,0.542,15,44.7,0.247
303,Tennessee State,12,7,5,0.583,-6.85,0.71,,1,1,,3,1,,3,4,,955,913,,76.4,104.2,0.356,0.308,0.527,53,44.7,14,8.4,0.484,16.1,34.7,0.265
304,Tennessee Tech,13,6,7,0.462,-6.93,2.57,,1,1,,4,2,,2,5,,1036,1017,,74.6,106.9,0.362,0.393,0.569,51.1,52.9,10.2,9.8,0.533,17.2,29,0.266
305,Tennessee-Martin,13,9,4,0.692,-2.12,-2.92,,1,1,,5,0,,3,3,,992,860,,70.9,107.7,0.404,0.464,0.548,56.6,59.3,13.1,12.6,0.519,18.2,38.5,0.269
306,Texas,13,9,4,0.692,14.45,-0.14,,,,,7,1,,0,1,,1143,927,,71.6,122.8,0.484,0.381,0.6,58.8,46.4,9,8,0.563,13.6,39.5,0.348
307,Texas A&M,12,9,3,0.75,14.71,-3.54,,,,,7,1,,1,1,,1140,921,,75.6,124.4,0.414,0.47,0.613,53.7,70.2,12.4,9,0.578,13.7,35.8,0.311
308,Texas A&M-Corpus Christi,11,5,6,0.455,-4.51,8.06,,1,1,,4,0,,1,6,,840,744,,73.2,104.3,0.321,0.334,0.524,54.1,56.6,11.9,11.1,0.499,15.3,33,0.21
309,Texas Southern,10,1,9,0.1,-15.98,9.35,,,,,1,3,,0,6,,709,879,,73.8,94.8,0.379,0.298,0.515,45.3,35.8,8.8,9.1,0.479,18.3,25.6,0.257
310,Texas State,14,8,6,0.571,-9.7,-6.7,,1,1,,8,1,,0,3,,1032,957,,69,106,0.36,0.252,0.544,55,50.9,13.6,12.7,0.502,17.1,36.8,0.27
311,Texas Tech,12,9,3,0.75,20.57,11.57,,,,,6,0,,0,1,,1002,894,,70,119.3,0.32,0.453,0.573,51.8,52.5,10,8.8,0.553,12.1,35,0.213
312,Texas-Rio Grande Valley,11,5,6,0.455,0.49,3.83,,1,1,,3,1,,2,5,,856,771,,69.5,112,0.252,0.403,0.57,51.3,57.3,9.2,7.4,0.55,14,29.1,0.178
313,The Citadel,13,3,10,0.231,-17.57,-2.17,,,,,3,3,,0,6,,914,986,,66.1,106.3,0.258,0.491,0.523,49.3,50,7.8,5.9,0.503,13,29.8,0.168
314,Toledo,12,6,6,0.5,0.06,1.76,,,,,4,2,,1,3,,995,935,,71.8,115.4,0.292,0.334,0.572,50.2,56.8,11,7.9,0.536,13.2,32.8,0.23
315,Towson,13,8,5,0.615,1.45,3,,,,,5,0,,0,4,,931,862,,66,108.5,0.261,0.375,0.52,56.8,41.3,10.7,9.4,0.496,14.2,39.1,0.177
316,Troy,13,8,5,0.615,0.24,0.6,,1,0,,3,1,,4,3,,1138,1023,,72.9,111.5,0.38,0.447,0.565,51.7,56.1,12.4,7.4,0.527,15.2,33.7,0.28
317,Tulane,13,9,4,0.692,-4.81,-1.81,,,,,7,2,,1,0,,954,978,,67.8,107.2,0.477,0.429,0.556,45.5,53.6,12.2,13.3,0.497,13.6,23.9,0.369
318,Tulsa,13,12,1,0.923,12.31,0.04,,,,,6,0,,2,1,,1162,933,,70.3,127.1,0.434,0.47,0.615,56.6,57.1,10.3,6.8,0.573,12.3,36.8,0.338
319,UAB,13,9,4,0.692,6.57,-2.68,,,,,6,2,,1,2,,1082,915,,72,115.6,0.361,0.312,0.54,56.8,49.6,12,9.6,0.506,10.8,37.7,0.251
320,UC Davis,11,6,5,0.545,0.65,2.45,,0,1,,4,1,,2,4,,849,840,,71.1,108.5,0.384,0.415,0.582,47.2,56,10.5,8,0.545,16.6,26.8,0.287
,,Overall,,,,,,,Conf.,,,Home,,,Away,,,Points,,,School Advanced,,,,,,,,,,,,
Rk,School,G,W,L,W-L%,SRS,SOS,,W,L,,W,L,,W,L,,Tm.,Opp.,,Pace,ORtg,FTr,3PAr,TS%,TRB%,AST%,STL%,BLK%,eFG%,TOV%,ORB%,FT/FGA
321,UC Irvine,14,9,5,0.643,3,1.09,,2,0,,5,3,,1,1,,1096,930,,71.6,108.4,0.38,0.296,0.542,52,62.6,10.1,16,0.513,14.2,32.4,0.254
322,UC Riverside,14,6,8,0.429,-9.07,1.1,,1,1,,3,1,,3,7,,1039,1095,,70.2,105.7,0.353,0.375,0.56,51,51.4,6.9,10.1,0.526,17.2,29.1,0.257
323,UC San Diego,12,10,2,0.833,8.99,-0.47,,1,0,,3,1,,3,1,,991,855,,69.7,118.5,0.346,0.426,0.6,51.6,53.5,11.2,6.1,0.583,13.2,28.8,0.233
324,UC Santa Barbara,13,9,4,0.692,1.63,-1.64,,2,0,,6,1,,1,2,,1032,930,,66.9,116.4,0.413,0.389,0.588,55.3,55.6,11.4,8.2,0.548,15.6,36.2,0.312
325,UCF,12,11,1,0.917,15.61,2.2,,,,,8,1,,1,0,,1060,899,,71.8,123,0.323,0.348,0.594,57.2,54.2,8.2,9,0.565,13.8,41.8,0.239
326,UCLA,13,10,3,0.769,17.22,4.45,,2,0,,9,0,,1,0,,1062,896,,68.8,118.8,0.372,0.348,0.595,50.9,58,10.7,11,0.559,13.1,32.5,0.284
327,UNC Asheville,14,6,8,0.429,-5.6,0.58,,,,,5,3,,0,5,,1032,1019,,68.8,106.2,0.37,0.364,0.568,51.6,45.8,8.3,7.2,0.538,18.2,30.7,0.26
328,UNC Greensboro,13,4,9,0.308,-10.39,0.07,,,,,2,3,,1,3,,1019,1028,,71.1,109.3,0.419,0.403,0.558,49.7,49.9,7.4,4.7,0.524,13.8,27.3,0.289
329,UNC Wilmington,12,10,2,0.833,2.38,-8.17,,,,,7,1,,3,1,,946,801,,67.3,117.2,0.436,0.371,0.554,56.8,50.3,7.1,5.8,0.518,13.1,40.9,0.303
330,UT Arlington,12,8,4,0.667,-0.66,-0.06,,,,,4,0,,4,3,,872,771,,69.7,104.3,0.376,0.315,0.542,56.1,52.1,11.6,11.1,0.51,18,37.9,0.256
331,Utah,12,8,4,0.667,4.73,1.15,,,,,7,1,,0,1,,989,946,,71,115,0.391,0.412,0.591,49.9,53.7,8.4,9.6,0.556,14.5,29.8,0.289
332,Utah State,11,10,1,0.909,20.03,4.53,,1,0,,5,0,,1,1,,945,734,,69.4,122.3,0.352,0.382,0.616,55,60.8,15.3,10,0.594,14.8,37.7,0.25
333,Utah Tech,14,7,7,0.5,-5.64,0.81,,,,,4,1,,2,5,,1098,1035,,70.9,107.8,0.321,0.406,0.562,49.8,48.5,10.6,7.2,0.534,15.6,28.7,0.229
334,Utah Valley,13,10,3,0.769,12.12,3.72,,,,,6,0,,1,3,,1089,832,,71.4,117.3,0.292,0.362,0.605,57,64.7,13.9,17.2,0.584,17.5,39.3,0.209
335,UTEP,11,4,7,0.364,-2.77,5.61,,,,,4,2,,0,3,,796,783,,68.9,103.8,0.352,0.34,0.527,48.1,48.3,13.4,11.8,0.502,15.7,31.1,0.227
336,UTSA,12,4,8,0.333,-12.63,1.47,,,,,2,3,,1,4,,855,896,,72.5,98.3,0.301,0.421,0.486,49.2,47.9,10.2,11.6,0.458,14.6,32.1,0.195
337,Valparaiso,12,6,6,0.5,-3.54,-2.27,,0,1,,5,3,,1,3,,880,854,,68.3,106.3,0.328,0.383,0.512,50.5,48.9,9.3,11.8,0.477,13.2,34.6,0.228
338,Vanderbilt,12,12,0,1,26.17,4.25,,,,,6,0,,3,0,,1129,866,,74.3,125.4,0.374,0.467,0.624,54.2,60.4,14.2,14.7,0.593,12.5,32.8,0.284
339,Vermont,14,8,6,0.571,-2.27,-1.94,,,,,4,2,,3,2,,1093,1039,,66.1,116.1,0.32,0.463,0.589,53.3,50.4,7,8.4,0.559,13.1,28.3,0.24
340,Villanova,12,10,2,0.833,17.04,5.29,,1,0,,6,0,,2,1,,944,803,,65.1,119.7,0.302,0.478,0.577,53.7,56.6,10.6,6.2,0.555,13.5,38,0.208
,,Overall,,,,,,,Conf.,,,Home,,,Away,,,Points,,,School Advanced,,,,,,,,,,,,
Rk,School,G,W,L,W-L%,SRS,SOS,,W,L,,W,L,,W,L,,Tm.,Opp.,,Pace,ORtg,FTr,3PAr,TS%,TRB%,AST%,STL%,BLK%,eFG%,TOV%,ORB%,FT/FGA
341,Virginia,12,11,1,0.917,19.02,-1.65,,,,,8,0,,1,0,,1046,798,,67.6,129,0.396,0.436,0.604,56.6,58.6,11.1,17.5,0.583,12.2,42.4,0.269
342,Virginia Commonwealth,13,9,4,0.692,14,-0.39,,,,,7,1,,0,1,,1126,939,,71.7,120.7,0.436,0.46,0.591,52.5,56.2,11.4,11,0.556,14.2,36.2,0.316
343,VMI,13,5,8,0.385,-18.37,-3.87,,,,,4,1,,1,5,,1015,991,,71.2,109.6,0.305,0.54,0.538,48,52.2,11.2,8.1,0.505,12.8,30.7,0.222
344,Virginia Tech,13,11,2,0.846,11.39,0.93,,,,,8,0,,1,0,,1080,944,,69.2,116.6,0.339,0.372,0.565,50.2,54,10.6,11.3,0.537,11.2,32.2,0.238
345,Wagner,11,5,6,0.455,-9.75,-1.5,,,,,4,0,,1,6,,846,837,,70.4,105.6,0.288,0.377,0.546,52.6,51.1,8.9,8.3,0.521,17.4,34.5,0.201
346,Wake Forest,13,9,4,0.692,13.69,4.08,,,,,7,2,,0,0,,1091,966,,72.8,114.1,0.376,0.429,0.569,51.4,54.7,12.9,12.5,0.528,14.1,34.4,0.285
347,Washington,12,8,4,0.667,13.84,2.26,,1,1,,5,1,,2,2,,999,860,,71,114.8,0.387,0.324,0.549,56.5,49,9.5,11.1,0.503,12.9,38.7,0.296
348,Washington State,13,5,8,0.385,2.45,4.11,,,,,3,3,,0,3,,990,1005,,69.8,109,0.337,0.444,0.583,53.2,47,9,9.2,0.55,17,29.5,0.253
349,Weber State,13,6,7,0.462,-1.12,-0.49,,,,,5,2,,1,5,,1086,962,,73,113.3,0.33,0.341,0.567,55.2,51,10.4,5.6,0.54,14.6,35,0.232
350,West Georgia,12,6,6,0.5,-8.92,2.18,,,,,4,2,,2,4,,915,968,,72.2,103.4,0.27,0.321,0.517,48.6,47.9,9.8,13.3,0.488,14.6,31.3,0.191
351,West Virginia,13,9,4,0.692,9.91,-6.09,,,,,9,0,,0,0,,990,782,,64.8,115.3,0.422,0.422,0.563,53.7,55.6,10.7,9.6,0.531,13.4,33.3,0.291
352,Western Carolina,11,4,7,0.364,-11.41,6.14,,,,,4,0,,0,7,,850,895,,74.3,104,0.276,0.398,0.53,53.2,47.6,10.4,9.1,0.505,16.4,33.4,0.189
353,Western Illinois,13,4,9,0.308,-19.1,-4.3,,0,2,,3,3,,1,6,,887,977,,67.2,100.6,0.357,0.3,0.506,50.4,32.9,8.3,6.9,0.472,15.3,33.2,0.239
354,Western Kentucky,11,7,4,0.636,5.28,4.06,,,,,5,1,,1,1,,929,845,,74.1,112.6,0.443,0.359,0.544,52.5,49.8,11.4,8.2,0.494,12.3,33.2,0.329
355,Western Michigan,13,6,7,0.462,-9.65,-3.38,,0,1,,5,2,,1,5,,983,1019,,71.9,105.2,0.314,0.337,0.543,52.6,52.2,7.1,8.3,0.508,16.8,31.6,0.233
356,Wichita State,13,8,5,0.615,11.61,1.36,,,,,7,1,,1,1,,1013,864,,65.5,117.8,0.376,0.358,0.551,56,44.8,8.5,10.4,0.52,12.1,40.3,0.259
357,William & Mary,12,9,3,0.75,5.81,2.21,,,,,4,0,,3,3,,1042,912,,77.7,111.8,0.418,0.441,0.607,51.1,65.7,11.7,11.4,0.571,17,28.9,0.314
358,Winthrop,14,8,6,0.571,2.16,-3.2,,,,,5,1,,2,5,,1264,1044,,72.4,123.5,0.377,0.464,0.592,55,54.1,10.2,10.6,0.557,12.3,36.8,0.28
359,Wisconsin,12,8,4,0.667,12.92,3.42,,1,1,,7,0,,0,1,,1005,891,,71.2,116.4,0.336,0.509,0.576,53.5,58.9,9.3,9.6,0.537,12.9,31.6,0.262
360,Wofford,12,7,5,0.583,-6.36,-3.45,,,,,4,1,,3,4,,892,900,,68.1,109.1,0.395,0.449,0.53,52.2,58.6,8.9,9.6,0.489,13.1,34.4,0.281
,,Overall,,,,,,,Conf.,,,Home,,,Away,,,Points,,,School Advanced,,,,,,,,,,,,
Rk,School,G,W,L,W-L%,SRS,SOS,,W,L,,W,L,,W,L,,Tm.,Opp.,,Pace,ORtg,FTr,3PAr,TS%,TRB%,AST%,STL%,BLK%,eFG%,TOV%,ORB%,FT/FGA
361,Wright State,13,6,7,0.462,2.13,-0.14,,1,1,,4,2,,1,4,,1010,883,,68.7,112.1,0.315,0.365,0.561,51.5,49.6,13.2,12.3,0.541,14,32.4,0.208
362,Wyoming,12,9,3,0.75,12.96,0.05,,0,1,,8,1,,0,2,,1037,871,,72.4,119.3,0.38,0.38,0.58,56,51.4,11.6,7.5,0.552,13.5,37.1,0.267
363,Xavier,13,9,4,0.692,6.04,3.12,,1,1,,7,2,,1,1,,999,961,,71.6,107.3,0.295,0.432,0.527,48.9,68.8,9.8,10.1,0.501,11.7,27.8,0.2
364,Yale,12,11,1,0.917,8.82,-2.38,,,,,4,1,,3,0,,1047,853,,68.1,128.2,0.379,0.349,0.634,54.5,58.6,8.6,10.4,0.597,11.9,34.8,0.301
365,Youngstown State,13,8,5,0.615,-0.4,-2.76,,2,1,,5,0,,2,4,,1036,897,,69.9,113,0.322,0.481,0.595,51.7,52.5,12.1,9,0.57,17.7,33.6,0.232