Rk,Player,Age,Team,Pos,G,GS,MP,PER,TS%,3PAr,FTr,ORB%,DRB%,TRB%,AST%,STL%,BLK%,TOV%,USG%,OWS,DWS,WS,WS/48,OBPM,DBPM,BPM,"VORP
▼",Awards
1,Nikola Jokić,30,DEN,C,22,22,768,35.5,0.716,0.286,0.429,10.8,28.3,20.1,49.4,1.9,2.1,14.5,29.1,5.1,1.1,6.2,0.385,12.3,4.1,16.4,3.6,
2,Shai Gilgeous-Alexander,27,OKC,PG,23,23,767,33.6,0.686,0.258,0.527,1.7,13.3,7.9,33.6,2.1,2.1,6.6,33.3,4.6,1.6,6.2,0.391,10.2,3.1,13.4,2.9,
3,Tyrese Maxey,25,PHI,PG,22,22,878,23.4,0.604,0.412,0.33,0.9,11.9,6.4,30.2,2.1,2,9.1,30.3,2.5,1,3.5,0.193,5.8,0.7,6.5,1.9,
4,Luka Dončić,26,LAL,PG,16,16,591,29.5,0.627,0.473,0.522,2.8,25.3,14.5,41.9,2.1,1.5,13.3,38,2.1,0.7,2.8,0.23,8.4,1.1,9.5,1.7,
5,Mikal Bridges,29,NYK,SF,22,22,756,19.8,0.656,0.462,0.136,4,11,7.3,16.8,2.9,3.5,7,16.6,2.2,1.1,3.3,0.209,3.9,2.5,6.4,1.6,
6,Donovan Mitchell,29,CLE,SG,22,22,752,24.5,0.642,0.489,0.317,2.8,12.8,7.7,28.5,2,0.7,12.7,33,2,0.8,2.9,0.182,6.5,0,6.5,1.6,
7,Giannis Antetokounmpo,31,MIL,PF,17,17,495,34.9,0.669,0.078,0.568,13.1,26.6,20,42.1,1.6,3.1,13.2,37.6,2.2,0.6,2.9,0.278,8.7,2.2,10.9,1.6,
8,Alperen Şengün,23,HOU,C,19,19,682,22.6,0.582,0.163,0.408,9.3,18.7,14.1,29.6,1.8,2.7,14.1,26.5,1.9,1.1,3,0.211,4.7,2,6.7,1.5,
9,Deni Avdija,25,POR,SF,23,23,793,21.5,0.632,0.408,0.602,3.7,19.4,11.2,29.1,0.8,1.6,14.7,28,2.3,0.6,2.8,0.17,5.2,0,5.2,1.5,
10,Jalen Johnson,24,ATL,SF,21,21,735,23,0.63,0.255,0.379,4.4,28.1,16.4,33.7,2.1,1,15.2,26.2,1.6,1.2,2.9,0.186,3.9,1.8,5.6,1.4,
11,Austin Reaves,27,LAL,SG,19,19,696,25.4,0.69,0.46,0.578,2.5,15.1,9.1,29.6,1.5,0.3,13.9,29.2,2.9,0.5,3.3,0.23,6.5,-0.6,5.9,1.4,
12,Scottie Barnes,24,TOR,PF,24,24,807,20.7,0.598,0.24,0.251,7.2,18.9,13.1,23.3,2,4.9,12.8,24.2,1.4,1.4,2.7,0.162,2.8,2.1,4.9,1.4,
13,Cade Cunningham,24,DET,PG,20,20,734,22,0.561,0.292,0.375,4.4,14.5,9.5,39.6,2,2.1,13.8,31.9,1.4,1.1,2.5,0.164,4.6,0.8,5.4,1.4,
14,James Harden,36,LAC,PG,22,22,774,23,0.626,0.563,0.479,1.8,15.8,8.9,39.6,1.5,1.1,15.8,31.2,2,0.4,2.4,0.15,6,-0.9,5.1,1.4,
15,Jimmy Butler,36,GSW,SF,20,20,617,24.2,0.653,0.177,0.667,7.9,12,9.9,25.7,2.4,0.7,8.3,22.3,2.6,0.8,3.4,0.262,5.1,1.3,6.4,1.3,
16,Julius Randle,31,MIN,PF,22,22,739,21.4,0.616,0.319,0.423,5.4,19.1,12.4,26.8,1.5,0.5,12.8,26.7,2,0.9,2.8,0.185,3.7,0.3,4,1.1,
17,Anthony Edwards,24,MIN,SG,18,18,612,22.8,0.633,0.432,0.356,2.8,12.2,7.6,19.1,1.7,2,11.7,31.9,1.4,0.7,2.1,0.162,5.4,-0.2,5.2,1.1,
18,Franz Wagner,24,ORL,SF,23,23,794,20.1,0.598,0.262,0.434,4.9,15.1,10,17.3,1.6,1,8.7,25.9,1.8,1,2.9,0.173,3,0.4,3.4,1.1,
19,Jamal Murray,28,DEN,PG,21,21,736,21.9,0.635,0.411,0.227,1.6,12.4,7.4,28.6,1.5,0.9,11.3,26.6,2.2,0.5,2.8,0.18,5.3,-1.6,3.7,1.1,
20,Reed Sheppard,21,HOU,SG,20,4,502,17.9,0.606,0.573,0.102,1.4,12.3,7,18.5,3.3,2.1,10.4,19.7,1.1,0.9,2,0.191,3.2,3,6.1,1,
21,Jaylen Brown,29,BOS,SF,22,22,735,23,0.586,0.275,0.323,3.4,16.8,10.1,25.3,1.7,1.1,12.7,36.5,1.3,0.8,2.1,0.135,4,-0.5,3.5,1,
22,Evan Mobley,24,CLE,PF,23,23,783,19,0.584,0.306,0.404,7.7,21.5,14.5,18.1,1.4,4.7,12.8,22.6,1.1,1.2,2.2,0.137,1.8,1.1,2.9,1,
23,Stephen Curry,37,GSW,PG,16,16,497,22.8,0.641,0.619,0.277,1.1,12,6.5,24.6,2,1.6,12.6,33.9,0.9,0.6,1.5,0.143,6,-0.3,5.7,1,
24,Josh Giddey,23,CHI,PG,20,20,682,20.1,0.585,0.305,0.414,4.3,25.4,15.2,39.5,1.4,1,17.3,25.7,1,0.7,1.7,0.122,2.9,0.6,3.5,0.9,
25,Lauri Markkanen,28,UTA,PF,22,22,773,21.4,0.613,0.426,0.349,6.7,13.8,10.2,9.8,1.1,1,5,27.6,2.3,0.1,2.4,0.148,5.3,-2.4,2.9,0.9,
26,Derrick White,31,BOS,SG,22,22,726,16.8,0.519,0.582,0.179,2.9,10.8,6.8,22.3,2.3,3.8,8.8,23.5,0.9,0.8,1.8,0.117,2.2,0.7,2.9,0.9,
27,Karl-Anthony Towns,30,NYK,C,22,22,729,21.8,0.601,0.343,0.418,10,30.7,19.9,14.9,1.2,2.3,12.2,26.8,1.8,1.1,2.9,0.19,2.9,0,2.9,0.9,
28,Victor Wembanyama,22,SAS,C,12,12,416,25.7,0.609,0.262,0.38,6.6,34.8,20.9,18.8,1.5,9.3,14.3,30.7,0.6,0.9,1.6,0.182,3.1,3.5,6.6,0.9,
29,Norman Powell,32,MIA,SG,18,18,553,20.8,0.66,0.42,0.389,1.2,10.6,6.1,12.4,1.7,0.8,9.5,27.9,1.3,0.7,2,0.17,3.9,0.5,4.4,0.9,
30,Michael Porter Jr.,27,BRK,SF,18,18,591,21.5,0.616,0.485,0.259,3.9,23.7,13.2,19.1,1.3,0.6,9.5,29.7,1,0.3,1.4,0.112,5,-1.1,3.9,0.9,
31,Jalen Brunson,29,NYK,PG,20,20,691,21.6,0.593,0.36,0.309,1.4,9,5.1,29.3,1.1,0.2,8.9,31.2,2.1,0.5,2.6,0.181,4.5,-1.5,3,0.9,
32,Collin Gillespie,26,PHO,PG,23,4,618,16.9,0.601,0.66,0.107,4,12.2,8,25.9,2.1,1.1,13.8,20,1.2,0.6,1.8,0.142,3.3,0.3,3.6,0.9,
33,Josh Hart,30,NYK,SF,21,7,612,16.9,0.613,0.443,0.24,6.8,23.1,14.6,23.5,2.1,1,17.9,16.8,1.2,0.9,2,0.159,1.7,1.7,3.4,0.8,
34,Pascal Siakam,31,IND,PF,22,22,752,19.9,0.566,0.265,0.391,4.9,17.8,11.1,21.8,1.7,1.3,9.1,29,0.9,0.7,1.6,0.104,3,-0.5,2.5,0.8,
35,Isaiah Hartenstein,27,OKC,C,19,19,528,21.2,0.678,0.027,0.336,13.9,27.8,21.3,17.1,2.2,2.9,18.6,17.3,1.3,1.4,2.7,0.247,1.5,2.7,4.2,0.8,
36,Immanuel Quickley,26,TOR,PG,24,24,774,16.4,0.593,0.516,0.196,1.5,13.6,7.6,27.5,1.8,0.1,11.3,20.8,1.2,0.9,2.2,0.133,1.9,0.2,2.1,0.8,
37,Kevin Durant,37,HOU,SF,18,18,640,19.8,0.62,0.267,0.395,1.1,14.2,7.8,16.8,1.5,1.8,12.7,26.9,1.6,0.9,2.5,0.186,2.5,0.4,2.9,0.8,
38,Kawhi Leonard,34,LAC,SF,13,13,413,25,0.617,0.324,0.286,2.2,18.1,10.3,18.3,3.1,1.2,8.7,31.5,0.9,0.4,1.3,0.151,5,0.3,5.3,0.8,
39,Jalen Suggs,24,ORL,PG,18,18,446,18.4,0.601,0.544,0.256,3.5,13.9,8.7,28.7,3.7,2.1,18.4,24.8,0.4,0.9,1.3,0.136,1.7,2.9,4.6,0.7,
40,Goga Bitadze,26,ORL,C,22,0,376,20.8,0.767,0.091,0.481,11.2,23,17.1,12.3,1.9,6.5,13,11.9,1.2,0.8,1.9,0.248,1.6,3.7,5.3,0.7,
41,Bam Adebayo,28,MIA,C,17,17,525,18.7,0.587,0.351,0.319,4.9,24.4,15,11.8,1.6,2.5,10.3,24.7,0.5,1,1.4,0.132,1.8,1.3,3.1,0.7,
42,Santi Aldama,25,MEM,PF,23,2,597,16.6,0.546,0.396,0.216,5.7,20.8,13.3,18.5,1.7,2.7,8.8,20.6,0.5,0.8,1.3,0.107,1.2,1.3,2.5,0.7,
43,Nic Claxton,26,BRK,C,22,22,665,19.1,0.601,0.054,0.502,10,19.4,14.4,22.9,1.2,4,11.7,18.1,1.5,0.4,1.9,0.141,1.2,0.8,2,0.7,
44,Cam Spencer,25,MEM,SG,23,1,478,17.4,0.677,0.641,0.235,1.3,9.4,5.4,27.3,1.6,0.4,12.6,18.7,1.2,0.4,1.6,0.16,3.1,0.5,3.6,0.7,
45,Jalen Duren,22,DET,C,20,20,581,24.2,0.696,0,0.646,16.2,26.2,21.3,9.7,1.3,3.2,16.6,22.9,1.7,1,2.7,0.224,2.5,0,2.5,0.7,
46,Chet Holmgren,23,OKC,PF,19,19,556,20,0.656,0.323,0.31,6.2,23,15.1,9,1,4.9,12.9,23.6,1,1.3,2.3,0.196,1.4,1.3,2.7,0.6,
47,Kristaps Porziņģis,30,ATL,C,13,12,337,23.6,0.631,0.395,0.413,6.3,17.5,11.9,18.4,0.8,5.7,5.7,26.3,1.1,0.4,1.5,0.219,4.2,1.2,5.4,0.6,
48,Devin Booker,29,PHO,SG,22,22,763,19.1,0.586,0.316,0.446,3.2,11.3,7.1,30.1,1.3,1,14.7,30.1,1.5,0.6,2.1,0.132,2.4,-1.2,1.2,0.6,
49,Trey Murphy III,25,NOP,SF,21,21,749,17.9,0.61,0.522,0.271,4.2,17.3,10.3,15.1,2.3,0.6,11.1,22.1,1.3,0.3,1.6,0.102,2.3,-1,1.2,0.6,
50,De'Aaron Fox,28,SAS,PG,14,14,461,21.3,0.612,0.363,0.347,3.2,9.4,6.3,32,2,0.8,14.6,30.8,1,0.5,1.4,0.148,4.1,-1,3.2,0.6,
51,Kel'el Ware,21,MIA,C,23,15,560,19.9,0.627,0.283,0.227,14,29.2,21.9,3.4,1.8,4.8,10.7,17.7,1,1.3,2.2,0.191,1.4,0.8,2.2,0.6,
52,Payton Pritchard,28,BOS,PG,23,23,739,17,0.571,0.565,0.154,3.7,10.9,7.3,21.7,1.2,0.3,8,21.9,1.7,0.5,2.2,0.143,2.3,-1.1,1.1,0.6,
53,Donte DiVincenzo,29,MIN,SG,22,22,694,14,0.611,0.775,0.216,2.9,10.9,7,15.5,1.7,1.3,10.6,17.2,1.1,0.7,1.9,0.13,1.1,0.3,1.3,0.6,
54,Keldon Johnson,26,SAS,SF,22,0,537,19.3,0.652,0.302,0.323,9.1,20.6,14.9,10.7,1.5,0.5,9.5,19.1,1.4,0.6,2,0.182,2.3,-0.1,2.2,0.6,
55,Amen Thompson,23,HOU,PG,20,20,722,16.7,0.551,0.143,0.3,7.8,13.9,10.9,19.7,1.8,1.3,13.3,21.4,1.2,1,2.2,0.145,0.4,0.7,1.1,0.6,
56,Jerami Grant,31,POR,PF,22,10,651,16.9,0.616,0.456,0.509,3.8,9.8,6.7,13.7,1.4,1.8,11.5,23.9,1.4,0.4,1.8,0.131,2.1,-0.7,1.4,0.6,
57,Neemias Queta,26,BOS,C,21,21,499,21.3,0.666,0.021,0.275,14.3,23,18.7,9.3,1.4,5.9,9.1,15.1,1.5,0.8,2.3,0.221,1.2,1.2,2.4,0.6,
58,Jaylon Tyson,23,CLE,SG,19,14,519,16.7,0.664,0.497,0.136,7.6,12.6,10,9.6,1.9,2.5,8.8,16.4,1.2,0.6,1.8,0.164,1.6,0.4,2,0.5,
59,Dru Smith,28,MIA,SG,23,0,393,15.1,0.567,0.448,0.267,5.9,10,8,21.5,3.8,1.4,15.1,15.8,0.4,0.7,1.2,0.141,-0.6,3.7,3.1,0.5,
60,Paolo Banchero,23,ORL,PF,13,13,413,18.5,0.571,0.247,0.608,3.2,26.3,14.8,18.7,1,2.3,12.3,27.1,0.4,0.7,1.1,0.127,1.5,1.3,2.8,0.5,
61,Naz Reid,26,MIN,C,22,0,562,16.2,0.575,0.524,0.122,5.3,19.5,12.5,13.5,2,3.3,11,21.8,0.5,0.9,1.4,0.116,0.5,1,1.5,0.5,
62,Mark Williams,24,PHO,C,19,16,474,22.6,0.685,0,0.423,14.6,25.7,20,6,2.7,3.2,11.1,17.5,1.4,0.8,2.2,0.224,1.6,0.6,2.2,0.5,
63,Craig Porter Jr.,25,CLE,PG,21,0,363,16,0.611,0.367,0.167,7.9,11.9,9.9,18.7,2.7,3.3,14.2,12.8,0.6,0.5,1.2,0.152,1,2.4,3.4,0.5,
64,Naji Marshall,28,DAL,SF,24,5,659,15.5,0.626,0.376,0.482,3.5,15.8,9.7,13.8,2,0.4,10.2,17,1.1,0.9,2,0.144,-0.5,1.4,0.9,0.5,
65,Josh Minott,23,BOS,PF,22,9,429,16.9,0.646,0.542,0.186,9.5,18,13.7,8.9,2,2.4,9.9,14.2,1,0.5,1.6,0.175,1.8,0.6,2.4,0.5,
66,Grayson Allen,30,PHO,SG,15,15,469,16.3,0.611,0.653,0.184,1.7,9.1,5.3,18.3,2.5,0.8,10.9,21.1,0.9,0.5,1.3,0.137,1.7,0.1,1.9,0.5,
67,Ajay Mitchell,23,OKC,SG,23,6,611,16.8,0.571,0.286,0.302,2.5,10.9,7,19.5,2.8,1,11.4,23.8,0.6,1.3,1.9,0.153,-0.3,1.4,1.1,0.5,
68,Jrue Holiday,35,POR,PG,12,12,401,17,0.565,0.512,0.151,4.1,13.2,8.4,37.3,2.2,0.7,16.5,21,0.6,0.3,0.9,0.112,2.6,-0.2,2.5,0.5,
69,Royce O'Neale,32,PHO,SF,23,19,684,11.9,0.592,0.824,0.049,3.1,17.6,10.2,13.1,2,0.7,12.9,14.7,0.7,0.8,1.5,0.102,0,0.6,0.6,0.4,
70,Ryan Rollins,23,MIL,PG,24,23,785,16.7,0.587,0.408,0.155,2.8,11.4,7.2,27.3,2.5,1,14.9,24,0.8,0.7,1.5,0.09,0.7,-0.4,0.3,0.4,
71,Alex Sarr,20,WAS,C,16,16,475,21.1,0.569,0.216,0.253,8.4,21.9,15.1,18.4,1.3,5.8,11.3,26.5,0.4,0.3,0.6,0.065,2.1,-0.4,1.7,0.4,
72,Jaime Jaquez Jr.,24,MIA,SF,22,0,641,15.6,0.564,0.128,0.278,5.1,15.3,10.4,24.3,1.2,0.8,13.6,21.9,0.6,0.8,1.4,0.109,-0.2,1,0.8,0.4,
73,Miles McBride,25,NYK,SG,19,9,518,13.3,0.621,0.684,0.126,2.7,8.3,5.4,12,1.2,0.8,7.1,15.9,1,0.4,1.4,0.132,1.6,-0.3,1.3,0.4,
74,Sandro Mamukelashvili,26,TOR,C,23,2,450,17.6,0.623,0.391,0.298,7.8,17,12.5,13.1,1.3,3.1,9.4,18.9,0.9,0.6,1.5,0.16,1.6,0.2,1.8,0.4,
75,Ryan Kalkbrenner,24,CHO,C,21,20,537,18.4,0.809,0.01,0.41,13.1,16.7,14.9,2.7,1.4,6.5,17.5,11.2,1.2,0.6,1.8,0.165,0.3,0.9,1.1,0.4,
76,Russell Westbrook,37,SAC,SF,22,16,620,15.1,0.524,0.448,0.212,6.2,22,13.8,35.7,2.1,0.4,20,24.3,-0.3,0.4,0.1,0.009,0.7,-0.1,0.7,0.4,
77,Ivica Zubac,28,LAC,C,23,23,748,19.6,0.626,0,0.213,12.3,28.3,20.4,13.6,0.7,2.7,13.1,19.7,1.4,0.6,2.1,0.132,1.2,-1,0.2,0.4,
78,Luke Kornet,30,SAS,C,14,9,349,17.3,0.703,0,0.516,12.4,14.6,13.5,12.8,0.6,5.9,11.6,10.5,1,0.4,1.4,0.199,1.3,1.5,2.8,0.4,
79,Paul Reed,26,DET,C,17,2,200,26.1,0.722,0.169,0.254,16.6,23.2,19.9,14.6,3.6,6.3,18.6,19.8,0.5,0.5,1,0.243,3.2,3,6.2,0.4,
80,Nickeil Alexander-Walker,27,ATL,SG,22,19,720,16.5,0.61,0.477,0.291,2.6,9.1,5.9,15.5,1.3,2.2,11.1,24.9,0.8,0.6,1.5,0.098,1.4,-1.1,0.3,0.4,
81,Harrison Barnes,33,SAS,PF,22,22,679,13.2,0.641,0.588,0.196,3.2,9.3,6.3,10,1.7,0.5,11.2,15.6,1,0.6,1.6,0.116,0.5,-0.2,0.3,0.4,
82,Duncan Robinson,31,DET,SF,21,21,675,11.6,0.624,0.794,0.161,1.5,8.8,5.2,8.4,1.6,1,6.6,13.8,1.1,0.7,1.8,0.128,0.1,0.2,0.3,0.4,
83,Cason Wallace,22,OKC,SG,22,22,622,11.2,0.551,0.552,0.079,3.2,8.5,6.1,10.9,3.6,1,12.3,13.6,0.2,1.4,1.6,0.124,-2.4,3,0.6,0.4,
84,Rudy Gobert,33,MIN,C,22,22,699,16.8,0.707,0,0.616,12.7,23.4,18.1,8.1,0.6,4.3,16.2,12.6,1.5,1,2.5,0.17,-0.3,0.5,0.2,0.4,
85,Steven Adams,32,HOU,C,17,5,371,19.1,0.599,0,0.56,25.4,21.8,23.5,8.8,1.6,3.4,16.9,12.5,0.9,0.7,1.6,0.204,1.9,0.1,2,0.4,
86,Donovan Clingan,21,POR,C,21,21,530,19.2,0.563,0.345,0.25,18.7,24.8,21.6,9.5,1.2,5,8.4,15.3,1.2,0.6,1.9,0.168,1.4,-0.5,0.9,0.4,
87,Tristan Da Silva,24,ORL,SF,23,10,545,13.1,0.589,0.539,0.135,4.1,13.9,9,7.1,1.7,1,9.3,17.2,0.5,0.7,1.2,0.104,0.4,0.4,0.8,0.4,
88,Davion Mitchell,27,MIA,PG,23,23,691,13.4,0.587,0.335,0.193,1.5,7.5,4.6,32.6,1.9,0.1,14.4,13.1,1.2,0.8,2,0.141,-1.1,1.2,0.2,0.4,
89,Anthony Davis,32,DAL,PF,9,9,263,22.5,0.551,0.149,0.299,11.3,26.1,18.8,19.9,1.8,4.7,10.1,27,0.2,0.5,0.7,0.136,2.2,1.5,3.7,0.4,
90,Keyonte George,22,UTA,PG,22,22,741,17.2,0.594,0.4,0.439,1.6,10.9,6.2,32.5,1.2,0.8,15.2,27.6,1.2,0.1,1.3,0.081,2.1,-2,0,0.4,
91,Saddiq Bey,26,NOP,SF,22,14,635,16.4,0.563,0.482,0.265,6.4,17.2,11.5,11.6,1.8,0.3,5.2,19,1.1,0.1,1.2,0.091,2,-1.6,0.4,0.4,
92,OG Anunoby,28,NYK,PF,13,13,396,15.9,0.599,0.523,0.187,5.1,14,9.4,9.5,2.8,2.1,12.5,20.2,0.4,0.6,1,0.118,0.9,0.8,1.7,0.4,
93,Jordan Walsh,21,BOS,PF,19,11,394,16.2,0.7,0.388,0.247,8.6,16.5,12.6,7.2,2.5,3.1,10.5,11.5,1,0.6,1.5,0.185,0.1,1.6,1.7,0.4,
94,Aaron Gordon,30,DEN,PF,13,13,368,20.4,0.676,0.409,0.39,6.2,16.8,11.8,6.5,1.3,0.7,9.1,23,1.1,0.3,1.4,0.177,4,-1.7,2.3,0.4,
95,Andrew Wiggins,30,MIA,SF,20,20,663,13.9,0.563,0.341,0.207,5,10.5,7.8,12,1.5,3.1,10.7,20.7,0.3,0.9,1.2,0.085,-0.5,0.7,0.3,0.4,
96,Kon Knueppel,20,CHO,SF,23,22,769,14.5,0.617,0.604,0.168,3.3,15.3,9.4,15.1,1.1,0.6,13.9,21.5,0.8,0.4,1.3,0.079,1.2,-1.3,0,0.4,
97,Nikola Vučević,35,CHI,C,21,21,645,16.9,0.579,0.368,0.137,8.4,24,16.5,16.4,1.2,0.9,11.2,21.3,0.7,0.6,1.3,0.099,0.9,-0.6,0.2,0.4,
98,Ausar Thompson,23,DET,SF,19,18,532,14.7,0.534,0.088,0.335,7.7,15.4,11.6,14.1,2.6,2.4,11.4,18.1,0.4,0.9,1.3,0.113,-1,1.7,0.7,0.4,
99,Jordan Goodwin,27,PHO,PG,20,2,406,15,0.524,0.474,0.077,10.2,14.3,12.2,14.6,3.5,0.7,12,18.8,0.3,0.6,0.9,0.105,0.3,1.3,1.5,0.4,
100,Robert Williams,28,POR,C,15,1,230,21.3,0.666,0.133,0.117,14.2,24.4,19.1,7.1,1.8,9.7,8.7,11.9,0.5,0.4,0.9,0.191,2.1,2.1,4.2,0.4,
101,Jay Huff,27,IND,C,23,7,420,15.8,0.569,0.681,0.181,6.3,14.5,10.2,10.5,0.6,11.8,9.3,17,0.4,0.5,0.9,0.105,-0.6,2,1.4,0.4,
102,Isaiah Joe,26,OKC,SG,17,0,397,15.9,0.667,0.796,0.265,2.7,10.2,6.7,9,1.2,0.8,8.9,19.7,0.9,0.7,1.5,0.184,2,-0.5,1.5,0.4,
103,LaMelo Ball,24,CHO,PG,16,16,463,18.1,0.507,0.495,0.235,4.5,18.9,11.8,49.2,1.9,0.6,14.8,32.5,0.3,0.4,0.7,0.07,2.1,-1.1,0.9,0.4,
104,T.J. McConnell,33,IND,PG,13,0,217,22,0.556,0.144,0.009,0.9,15.8,8.1,48.8,3.5,1.2,8.2,23.3,0.4,0.3,0.7,0.155,2.1,2.3,4.4,0.4,
105,RJ Barrett,25,TOR,SF,17,17,526,17.5,0.604,0.367,0.338,2.6,14.8,8.8,18.2,1.3,0.8,8.7,24,0.9,0.6,1.5,0.135,1.3,-0.7,0.6,0.3,
106,Myles Turner,29,MIL,C,24,24,693,14.7,0.583,0.608,0.28,4.4,18.9,11.7,8.5,1.5,5.5,9.1,18.2,0.6,0.8,1.4,0.096,-0.2,0.2,0,0.3,
107,Jaden McDaniels,25,MIN,PF,21,21,670,14.8,0.62,0.292,0.185,4.6,12.3,8.5,11.4,1.8,2.9,12.9,19,0.8,0.8,1.6,0.118,-0.7,0.7,0,0.3,
108,Wendell Carter Jr.,26,ORL,C,22,22,648,14.1,0.648,0.361,0.452,10.5,18.2,14.3,8.9,1,2.1,16,15.2,1.1,0.9,1.9,0.144,-0.6,0.7,0.1,0.3,
109,Moussa Diabaté,24,CHO,C,23,2,516,19.8,0.67,0,0.602,19,20.7,19.9,7.9,1.4,4,10.8,13.6,1.5,0.5,2.1,0.195,0.8,-0.2,0.5,0.3,
110,Jabari Smith Jr.,22,HOU,PF,19,19,626,13.6,0.574,0.468,0.273,4.8,16.2,10.7,7.3,1.1,2.3,8.5,17.7,1,0.9,1.9,0.144,-0.1,0.3,0.1,0.3,
111,Tre Jones,26,CHI,PG,17,11,486,17.2,0.641,0.179,0.579,2.5,9.2,5.9,23.5,2.8,0.7,13.7,17.4,1.1,0.4,1.5,0.146,-0.4,1.1,0.7,0.3,
112,Jarrett Allen,27,CLE,C,15,15,392,20.1,0.625,0.028,0.462,9.7,22.1,15.8,10.2,1.8,3,12.2,20.7,0.8,0.6,1.3,0.163,0.8,0.4,1.3,0.3,
113,Jakob Poeltl,30,TOR,C,17,17,446,17,0.703,0,0.433,12.7,22.2,17.5,12.3,1.5,2.2,17.4,14.2,0.9,0.7,1.6,0.173,-0.4,1.2,0.8,0.3,
114,Cedric Coward,22,MEM,SG,23,10,627,14.4,0.573,0.444,0.27,5.1,19.1,12.1,14.8,1.1,1.1,10.9,20.1,0.6,0.7,1.2,0.095,-0.1,0,-0.1,0.3,
115,Onyeka Okongwu,25,ATL,C,23,12,702,15.8,0.607,0.44,0.223,6,20.4,13.3,13.7,1.3,3,12.5,20.7,0.7,0.9,1.6,0.111,-0.5,0.2,-0.3,0.3,
116,Stephon Castle,21,SAS,PG,13,13,416,17.4,0.585,0.323,0.548,5.5,14.9,10.2,33.8,2.5,1.1,21.3,24.9,0.4,0.6,0.9,0.109,0.2,0.6,0.8,0.3,
117,Anfernee Simons,26,BOS,SG,23,0,545,15,0.589,0.567,0.159,1.6,8.7,5.2,15.4,1,0.7,9,22.7,1,0.3,1.3,0.112,1.4,-1.2,0.2,0.3,
118,Miles Bridges,27,CHO,PF,23,23,796,15.8,0.547,0.459,0.279,3.2,17.1,10.2,15.7,0.9,1.4,7.4,24.9,1,0.5,1.5,0.088,0.9,-1.4,-0.5,0.3,
119,Devin Vassell,25,SAS,SG,22,22,719,13.3,0.577,0.541,0.152,1.4,11.2,6.4,10.3,1.5,1.3,7.2,19.7,0.8,0.7,1.5,0.099,0.1,-0.4,-0.3,0.3,
120,Tyler Herro,26,MIA,SG,5,5,157,21.6,0.658,0.378,0.232,2,12.5,7.5,10.8,1.7,1.7,6.2,24.9,0.4,0.2,0.6,0.18,4.8,0.8,5.6,0.3,
121,Sam Merrill,29,CLE,SG,12,8,311,14.9,0.679,0.853,0.138,3.1,5.7,4.4,12.2,0.9,0.9,7.5,17.7,0.8,0.2,1,0.152,2.7,-1,1.7,0.3,
122,John Konchar,29,MEM,SG,21,0,269,13.3,0.638,0.553,0.191,4,18.3,11.1,12.9,2.8,2.5,12.1,9,0.3,0.4,0.8,0.136,-1.2,3.5,2.3,0.3,
123,Alex Caruso,31,OKC,SG,15,0,282,12.6,0.535,0.64,0.133,2.1,11.4,7.1,17,4.1,1.8,15.9,14.5,0.1,0.7,0.8,0.131,-1.7,3.8,2,0.3,
124,Max Christie,22,DAL,SG,24,21,700,11.7,0.657,0.644,0.176,0.5,11.2,5.9,9.9,0.7,1.2,10.9,14.9,0.7,0.6,1.4,0.094,-0.4,0,-0.4,0.3,
125,Ryan Dunn,23,PHO,SF,18,11,424,14.1,0.558,0.413,0.149,8.7,15.6,12,9.9,3.1,2.5,11,14.3,0.5,0.6,1.1,0.123,-1,1.6,0.6,0.3,
126,Desmond Bane,27,ORL,SG,23,23,759,14.4,0.551,0.338,0.265,4.1,10.4,7.2,20.5,1.1,0.9,11.5,23.8,0.7,0.8,1.5,0.096,-0.1,-0.5,-0.6,0.3,
127,Jamaree Bouyea,26,PHO,PG,7,0,95,22.4,0.755,0.441,0.118,2.4,7.5,4.8,16.1,2.5,2,2.7,16.1,0.4,0.1,0.5,0.252,6,3.1,9.1,0.3,
128,Tari Eason,24,HOU,PF,11,1,255,16,0.642,0.558,0.074,7.2,17.4,12.4,9.8,1.7,1.9,16.2,18.9,0.4,0.4,0.8,0.145,2,-0.1,1.9,0.3,
129,Kevin Porter Jr.,25,MIL,PG,5,5,137,25,0.7,0.41,0.361,1.7,12.4,7.1,32.8,3.2,0.7,15.5,26.8,0.5,0.1,0.6,0.22,5,0.6,5.6,0.3,
130,Isaiah Stewart,24,DET,C,20,6,447,15.5,0.609,0.329,0.286,9.2,20.7,15,7.1,0.4,9,13.2,16.6,0.5,0.8,1.3,0.14,-1.1,1.4,0.3,0.3,
131,Zach Edey,23,MEM,C,10,10,262,22.1,0.692,0.034,0.333,15.6,30.2,22.9,5.5,1.3,7.6,16.7,19.1,0.5,0.5,1,0.179,0.1,1.8,1.9,0.3,
132,Will Richard,23,GSW,SG,21,10,395,14.7,0.676,0.584,0.257,6,9.2,7.6,9.5,2.6,0.2,10,15,0.8,0.5,1.2,0.149,-0.4,1,0.6,0.3,
133,Malik Monk,27,SAC,SG,19,0,467,15.1,0.574,0.421,0.15,1.8,7.4,4.5,14.5,1.8,2,7.7,22.5,0.3,0.2,0.5,0.048,1,-0.7,0.2,0.3,
134,Quinten Post,25,GSW,PF,23,9,379,13.6,0.583,0.672,0.112,6,19.6,12.7,11.5,1.8,2.9,12.1,16.6,0.3,0.6,0.8,0.106,-0.6,1.2,0.6,0.3,
135,Josh Okogie,27,HOU,SG,20,14,415,11.4,0.576,0.53,0.29,6.4,8.3,7.4,6,3.2,0.9,12.4,12.8,0.5,0.6,1.1,0.126,-1.6,2.1,0.5,0.2,
136,Julian Champagnie,24,SAS,SF,22,17,634,11.9,0.586,0.728,0.255,3.6,16.9,10.3,6.2,1.6,1.4,10.5,15.3,0.5,0.7,1.3,0.095,-0.3,-0.2,-0.5,0.2,
137,Zion Williamson,25,NOP,PF,10,10,309,21.4,0.583,0.021,0.697,7.8,12.7,10.1,21.6,2.5,1.7,14.1,29.8,0.4,0.1,0.5,0.082,2.2,-1.1,1.1,0.2,
138,Andre Drummond,32,PHI,C,21,11,461,17.1,0.615,0.246,0.289,15.4,30.8,23.1,5.1,1.6,3.8,12.9,13.4,0.8,0.8,1.6,0.164,-0.1,0.1,0,0.2,
139,Jock Landale,30,MEM,C,23,13,493,15.9,0.611,0.297,0.211,11.3,15,13.1,10.7,1.1,1.7,10.6,19.1,0.7,0.5,1.2,0.12,0.3,-0.4,-0.2,0.2,
140,Jaylin Williams,23,OKC,PF,22,2,402,11,0.515,0.844,0.239,3.2,23.8,14.2,15.9,1.7,3,16,15.5,0,1,1,0.114,-1.9,2.1,0.3,0.2,
141,Simone Fontecchio,30,MIA,SF,22,0,414,12.3,0.582,0.728,0.225,2.6,12.5,7.8,11.5,1.2,0.9,10.6,20.4,0.2,0.5,0.7,0.086,0.1,0.1,0.2,0.2,
142,Anthony Black,22,ORL,PG,23,4,641,12.9,0.554,0.339,0.386,2.4,11.9,7.2,15.6,2.4,1.9,14.7,20.8,0,1,1,0.075,-1.9,1.3,-0.6,0.2,
143,Quentin Grimes,25,PHI,SG,21,4,695,14,0.613,0.532,0.353,2.2,10.6,6.4,19.4,1.3,1.2,16.8,21.1,0.7,0.6,1.3,0.088,0.2,-0.8,-0.6,0.2,
144,Luka Garza,27,BOS,C,19,1,249,19.5,0.687,0.357,0.443,16.8,12.4,14.6,8.1,1.2,3.3,8.7,15.8,1,0.2,1.2,0.231,1.5,0.1,1.6,0.2,
145,Peyton Watson,23,DEN,SF,22,12,596,13.6,0.594,0.36,0.25,5.2,15,10.4,8,1.7,4.1,11.6,15.4,0.6,0.7,1.3,0.104,-0.5,0,-0.5,0.2,
146,Clint Capela,31,HOU,C,19,0,208,21.3,0.585,0,0.269,26.5,21.8,24.1,5,2.1,6.4,12.1,13.1,0.5,0.4,1,0.22,1.9,0.5,2.3,0.2,
147,Tobias Harris,33,DET,PF,14,14,416,13.4,0.574,0.41,0.261,3.5,15,9.3,11.4,0.7,0.9,8.2,19.2,0.6,0.4,1,0.119,0.6,-0.5,0.1,0.2,
148,Paul George,35,PHI,PF,7,7,163,19.1,0.545,0.482,0.265,2,21,11.5,21.1,3.5,1.7,9.7,26.4,0.1,0.3,0.4,0.121,1.8,1.9,3.7,0.2,
149,Aaron Wiggins,27,OKC,SG,12,5,310,14.7,0.589,0.534,0.084,4.2,9.4,7,12.5,1.1,2.6,8.7,20.9,0.3,0.5,0.9,0.134,1.3,-0.4,0.9,0.2,
150,Dyson Daniels,22,ATL,SG,24,24,813,12.9,0.51,0.153,0.144,7,13.2,10.1,23.2,3.1,0.9,18.2,16,0.2,1.2,1.3,0.077,-2.6,1.6,-1,0.2,
151,Brandin Podziemski,22,GSW,SG,23,11,643,12.8,0.563,0.493,0.258,2.5,15.7,9,15.7,2.1,0.7,11.6,18.6,0.4,0.8,1.2,0.09,-1.5,0.7,-0.8,0.2,
152,Jamal Shead,23,TOR,PG,24,0,459,12.9,0.511,0.538,0.333,2.2,7.7,5,33.6,3,0.4,16.8,14.8,0.5,0.6,1.1,0.116,-1.4,1.1,-0.3,0.2,
153,Ayo Dosunmu,26,CHI,SG,19,6,529,15.8,0.659,0.377,0.265,1.4,8.3,5,16.2,1,0.8,10.6,20,1,0.2,1.2,0.109,0.8,-1.2,-0.4,0.2,
154,DeMar DeRozan,36,SAC,PF,22,22,718,16.4,0.595,0.156,0.365,1.5,8.7,5,15.8,1.8,0.5,7,21.3,1.2,0.2,1.4,0.091,-0.2,-0.6,-0.8,0.2,
155,Vince Williams Jr.,25,MEM,PG,18,10,406,11.5,0.464,0.552,0.196,4.2,17.4,10.8,34.7,2,2.3,20.9,20.2,-0.4,0.5,0.2,0.023,-1.8,1.7,-0.1,0.2,
156,Walker Kessler,24,UTA,C,5,5,154,20.7,0.786,0.216,0.541,16.1,22.4,19.2,14.5,2.1,5.6,25.9,16.4,0.3,0.2,0.5,0.149,1.4,1.8,3.2,0.2,
157,Joel Embiid,31,PHI,C,8,8,195,20.1,0.553,0.316,0.395,5.6,18.7,12.1,21.6,1.5,5.2,13.6,33.3,0.1,0.3,0.3,0.081,1.2,0.8,2,0.2,
158,Landry Shamet,28,NYK,SG,15,6,314,13.1,0.644,0.71,0.366,2.4,8.5,5.3,7.4,0.9,1,6.1,15.3,0.7,0.2,0.9,0.139,1.1,-0.7,0.4,0.2,
159,Gary Payton II,33,GSW,SG,22,1,265,14.6,0.56,0.3,0.038,8.5,20.5,14.4,21.5,2.2,2.1,14.7,15.2,0.3,0.4,0.7,0.129,-1.3,2.1,0.8,0.2,
160,Derrick Jones Jr.,28,LAC,SF,13,13,324,14.6,0.652,0.5,0.304,3.9,7,5.5,6.5,1.7,4.5,8.7,15.4,0.5,0.2,0.7,0.104,0.5,-0.3,0.3,0.2,
161,Aaron Holiday,29,HOU,PG,15,0,247,13.1,0.63,0.685,0.281,0.9,5.2,3.2,10.3,1.4,0.8,11.5,18.8,0.5,0.2,0.7,0.145,1,0,1,0.2,
162,Quenton Jackson,27,IND,PG,5,3,101,21.3,0.657,0.324,0.486,5,13.2,8.9,29.1,2.4,0.9,11.8,21,0.3,0.1,0.4,0.19,3.1,2.1,5.2,0.2,
163,Jaxson Hayes,25,LAL,C,19,2,325,15.4,0.732,0.017,0.417,9.3,18.2,13.9,8.3,1,3.6,11.3,10.7,0.8,0.3,1.1,0.16,0.2,0,0.2,0.2,
164,Daniel Gafford,27,DAL,C,15,12,343,16.9,0.664,0,0.524,10.5,18.8,14.7,8.2,1.9,5.1,17.2,15,0.5,0.6,1.1,0.156,-2,2.2,0.1,0.2,
165,Tim Hardaway Jr.,33,DEN,SG,22,1,545,13.7,0.626,0.657,0.177,1.1,7.6,4.6,7.6,0.9,0.3,3.2,17.2,1.1,0.2,1.3,0.117,1.6,-2.3,-0.7,0.2,
166,Jalen Smith,25,CHI,C,18,0,307,18.6,0.608,0.558,0.167,11.7,23.9,18,10.8,0.8,3.3,10.8,22.5,0.4,0.3,0.8,0.118,1.6,-1.4,0.2,0.2,
167,Trendon Watford,25,PHI,PF,14,4,286,15.3,0.618,0.205,0.341,5.7,19.7,12.7,25.3,1,1,17.2,17.9,0.5,0.3,0.8,0.133,-0.6,0.9,0.2,0.2,
168,Mitchell Robinson,27,NYK,C,14,9,239,17.9,0.577,0,0.486,27.3,25.2,26.3,5.7,2.2,5.3,19.1,9.2,0.5,0.4,0.9,0.189,0.9,-0.2,0.7,0.2,
169,Matisse Thybulle,28,POR,SG,4,0,49,21.4,0.85,0.6,0.4,0,9.2,4.4,8.5,9.6,0,7.8,10.4,0.2,0.1,0.3,0.269,0.5,10.5,11,0.2,
170,Cooper Flagg,19,DAL,SF,23,23,772,14.4,0.55,0.252,0.267,3.8,16.1,10,15.5,1.8,1.5,12.6,22.5,0,1.1,1.1,0.066,-1.7,0.6,-1.2,0.2,
171,Caris LeVert,31,DET,SG,17,0,345,12.6,0.569,0.475,0.342,1.3,7.5,4.4,19.8,1.5,2.3,14.8,19.2,0.2,0.4,0.6,0.082,-0.1,-0.1,-0.2,0.2,
172,Pat Spencer,29,GSW,PG,15,0,211,15.8,0.534,0.284,0.222,6.1,10.5,8.3,30.5,2.3,0.4,10.1,19.8,0.4,0.2,0.6,0.137,-0.3,1.2,0.9,0.2,
173,Kyle Anderson,32,UTA,SF,8,0,146,16.9,0.581,0.022,0.333,5.2,11.4,8.2,26.3,3.9,2,11.9,16.4,0.3,0.1,0.4,0.127,-0.5,2.6,2.1,0.2,
174,Kevin Love,37,UTA,PF,13,0,188,15.5,0.612,0.745,0.327,9.7,24.2,16.9,17.1,1,2.6,13.7,15.9,0.3,0.1,0.5,0.116,1.2,0.1,1.3,0.2,
175,Sam Hauser,28,BOS,PF,23,4,510,10.1,0.523,0.864,0.026,3.7,13.2,8.4,8.4,1.5,1,6.6,14.1,0.4,0.4,0.8,0.079,-0.4,-0.5,-0.9,0.1,
176,Pelle Larsson,24,MIA,SG,23,16,515,11.5,0.569,0.468,0.342,2.1,9.1,5.7,18.5,1.2,0.9,11.7,16.2,0.5,0.5,1.1,0.098,-1.6,0.7,-0.9,0.1,
177,David Jones García,24,SAS,SF,10,0,67,21.5,0.579,0.2,0.24,6.8,13.2,10,39.1,4.3,1.3,15.3,20.6,0.2,0.1,0.3,0.195,3,3.4,6.4,0.1,
178,Vit Krejci,25,ATL,PG,20,1,464,12.4,0.686,0.797,0.116,1.9,9,5.5,10.5,1.3,1.2,11,14.9,0.6,0.4,1,0.103,-0.3,-0.5,-0.8,0.1,
179,Dean Wade,29,CLE,PF,22,3,490,9.7,0.517,0.743,0.219,4.1,14.5,9.2,9.4,1.6,2.4,5.7,10.3,0.4,0.6,1,0.096,-2,1.1,-0.9,0.1,
180,Deandre Ayton,27,LAL,C,20,20,588,19.2,0.701,0,0.167,12,23,17.8,4.6,1.2,3.6,16.1,19.2,1,0.6,1.6,0.133,0.1,-1.2,-1.1,0.1,
181,Moses Moody,23,GSW,SG,21,13,533,12.1,0.576,0.689,0.224,3.4,10.6,7,8.4,1.8,2.6,11.1,19.2,0.2,0.6,0.8,0.076,-0.9,-0.2,-1.1,0.1,
182,Jamison Battle,24,TOR,SF,17,1,137,15.5,0.855,0.595,0.135,2.5,16.2,9.4,4.1,0.7,0.7,13.3,13.9,0.3,0.1,0.4,0.147,1.9,-0.3,1.6,0.1,
183,Baylor Scheierman,25,BOS,SG,19,0,236,11.9,0.765,0.773,0.023,3.7,14,8.9,8,1.9,0.9,15.3,9.6,0.4,0.2,0.7,0.135,-0.9,1,0.1,0.1,
184,A.J. Green,26,MIL,SG,24,24,696,11.5,0.724,0.926,0.136,0.2,10.8,5.5,9.7,0.9,0.4,9.7,13,1.2,0.3,1.5,0.102,-0.1,-1.2,-1.3,0.1,
185,Jonas Valančiūnas,33,DEN,C,22,0,274,22.1,0.623,0.072,0.352,13.1,28,21,13.5,0.5,4,12.7,25.7,0.6,0.3,1,0.17,0.8,-1,-0.2,0.1,
186,Collin Sexton,27,CHO,SG,21,10,530,16.5,0.615,0.316,0.404,2,8.1,5,27,1.4,0.7,16.4,25.1,0.8,0.2,1,0.093,0.6,-1.6,-1,0.1,
187,Jett Howard,22,ORL,SF,15,0,157,14.6,0.59,0.638,0.072,2.8,9.2,6,10.5,0.6,1.7,2.7,19.4,0.3,0.2,0.4,0.134,1.9,-0.9,1,0.1,
188,Karlo Matković,24,NOP,PF,13,0,155,17.6,0.736,0.214,0.19,5.4,23.7,14,11,0.6,4.7,11.6,13.9,0.3,0.1,0.4,0.124,0.8,0.1,1,0.1,
189,Ryan Nembhard,22,DAL,PG,11,5,199,16.3,0.646,0.37,0.041,1.6,7.9,4.8,40.4,0.5,0,13.9,18.3,0.5,0.1,0.6,0.146,1.6,-1.3,0.3,0.1,
190,Branden Carlson,26,OKC,C,15,0,134,16.9,0.608,0.479,0.104,6.2,17.1,12,11.6,0.7,6.1,5.6,17.2,0.3,0.3,0.5,0.193,0.4,0.9,1.3,0.1,
191,Kevin Huerter,27,CHI,SF,19,8,458,13.6,0.578,0.495,0.181,2.1,11.8,7.1,14.5,1.5,2.6,10.9,20,0.3,0.4,0.6,0.064,-1.1,-0.1,-1.1,0.1,
192,Mike Conley,38,MIN,PG,22,5,426,10.8,0.571,0.695,0.284,2.1,8.2,5.2,21.4,1.5,0.6,13,12.2,0.7,0.4,1,0.117,-1.4,0.4,-1,0.1,
193,Pat Connaughton,33,CHO,SG,12,0,116,15.5,0.623,0.649,0.243,4,18.4,11.3,9,2.1,0.7,6.8,15.9,0.2,0.1,0.3,0.124,0.8,0.8,1.7,0.1,
194,Dylan Harper,19,SAS,SG,12,0,258,16.7,0.537,0.234,0.339,5.3,10.7,8,26.4,2.2,0,11.2,26.4,0.3,0.3,0.6,0.104,-0.4,0,-0.4,0.1,
195,Kelly Oubre Jr.,30,PHI,SF,12,12,418,13.7,0.606,0.45,0.255,3.7,12.4,8,5.6,1.5,2.2,9.8,18.4,0.4,0.4,0.8,0.096,-0.9,-0.1,-1,0.1,
196,Nae'Qwan Tomlin,25,CLE,PF,15,2,256,15.5,0.583,0.366,0.317,9.1,9.1,9.1,4.9,2.4,4.3,4.1,15.7,0.5,0.3,0.8,0.151,-1.2,0.8,-0.4,0.1,
197,Dominick Barlow,22,PHI,PF,13,10,344,12.9,0.587,0.282,0.282,8.9,14.7,11.8,11,1.4,4,16.2,12.8,0.3,0.4,0.8,0.106,-1.5,0.8,-0.7,0.1,
198,Jalen Green,23,PHO,SG,2,2,30,29.1,0.615,0.609,0.217,7.4,7.9,7.7,26.2,3.2,0,7.4,37.8,0.1,0,0.1,0.204,10.8,0.7,11.5,0.1,
199,Tidjane Salaün,20,CHO,PF,10,0,146,15,0.693,0.634,0.366,3.9,23.9,14,6,1.7,1.2,12.8,15.7,0.2,0.1,0.4,0.125,0.4,0.4,0.7,0.1,
200,Derik Queen,21,NOP,C,23,11,563,16.5,0.547,0.077,0.4,7.8,20.8,13.9,22.3,2.1,3,16.2,22.9,0.3,0.3,0.6,0.052,-1.4,0.2,-1.2,0.1,
201,Duop Reath,29,POR,C,18,0,137,12.7,0.728,0.756,0.049,2.2,9.8,5.9,4.3,1,1.3,8.7,13.3,0.3,0.1,0.3,0.111,1.5,-0.7,0.8,0.1,
202,Jordan McLaughlin,29,SAS,PG,8,0,74,15,0.553,0.625,0.125,4.6,4.5,4.5,18.1,4.6,0,7.3,15.6,0.1,0.1,0.2,0.152,-0.2,3.4,3.2,0.1,
203,Pete Nance,25,MIL,PF,4,0,11,45.6,1.083,0.667,0,0,20.7,10.4,21.4,0,0,0,24,0.1,0,0.1,0.356,26.8,3.5,30.2,0.1,
204,Marvin Bagley III,26,WAS,PF,17,4,302,19.2,0.647,0.091,0.333,13.9,15.3,14.6,10.6,1.4,3.7,12.4,17.9,0.7,0.1,0.7,0.116,0.7,-1.4,-0.7,0.1,
205,Tolu Smith,25,DET,PF,2,0,22,36.2,0.767,0,0.875,20.1,34.3,27.3,14.7,2.2,4.4,8.3,22.4,0.1,0.1,0.2,0.407,9.9,3.5,13.4,0.1,
206,Keegan Murray,25,SAC,PF,7,6,270,14.7,0.52,0.417,0.165,5.2,17.1,10.9,6.4,2.5,3.4,3.5,18,0.1,0.2,0.3,0.058,-0.7,0.1,-0.6,0.1,
207,Daniss Jenkins,24,DET,PG,18,6,336,14.4,0.53,0.351,0.224,4,7.7,5.9,27.9,2.7,0.3,15,21.1,0.2,0.4,0.7,0.095,-0.8,-0.1,-0.9,0.1,
208,Jalen Williams,24,OKC,SG,4,4,120,17.5,0.507,0.14,0.246,1,19.1,10.6,28.7,1.6,4.2,8.7,25,0.1,0.3,0.4,0.145,-0.5,1.2,0.6,0.1,
209,De'Andre Hunter,28,CLE,SF,20,20,571,14,0.582,0.512,0.296,2.4,14.6,8.4,12.5,1.2,0.5,10.5,22.8,0.6,0.5,1.1,0.092,-0.5,-0.9,-1.4,0.1,
210,P.J. Washington,27,DAL,PF,19,19,602,13.1,0.531,0.352,0.3,4.7,21.1,13,11.2,1.4,3.2,14.6,23.5,-0.6,0.9,0.4,0.028,-2.2,0.6,-1.5,0.1,
211,Coby White,25,CHI,SG,6,4,180,19.4,0.593,0.495,0.495,1.2,9.1,5.3,32.4,1,0,12.4,31.7,0.3,0.1,0.4,0.102,2.5,-2.6,-0.1,0.1,
212,Jordan Miller,26,LAC,SF,4,0,54,20.5,0.7,0.526,0.632,6.4,12.6,9.6,8.5,1.8,0,11,22.1,0.2,0,0.2,0.179,4.4,-1.5,2.8,0.1,
213,Noah Penda,21,ORL,SF,12,0,108,17.8,0.609,0.273,0.273,18.5,20.6,19.5,15.5,0.4,2.4,14,16.6,0.3,0.1,0.4,0.183,1.6,-1,0.7,0.1,
214,Jake LaRavia,24,LAL,PF,22,7,562,12,0.565,0.411,0.272,5.6,12.6,9.2,9.8,2.4,1.2,11.9,15.5,0.4,0.5,0.9,0.078,-1.4,-0.1,-1.5,0.1,
215,Dereck Lively II,21,DAL,C,7,4,115,15,0.67,0,0.556,12.9,20.8,16.9,15.5,1.6,7.9,30.9,11.9,0.1,0.2,0.3,0.142,-3.6,3.8,0.3,0.1,
216,Xavier Tillman Sr.,27,BOS,C,11,1,103,13.5,0.554,0.464,0,10.7,15,12.8,6.3,2.9,2,12.5,13.4,0.1,0.1,0.2,0.109,-0.7,1.1,0.4,0.1,
217,Javonte Green,32,DET,SG,23,3,427,10.7,0.549,0.504,0.339,4.2,12.1,8.2,6,2.3,2.3,11.4,14.3,0.2,0.6,0.8,0.093,-2.4,1,-1.4,0.1,
218,VJ Edgecombe,20,PHI,SG,19,19,654,12.1,0.512,0.395,0.161,5.7,12.5,9.1,16.9,1.9,1.3,11.6,19.3,0.2,0.7,0.9,0.064,-1.8,0.1,-1.7,0.1,
219,Thanasis Antetokounmpo,33,MIL,SF,8,0,19,29.3,0.87,0,0.6,6.1,6,6,0,5.1,15.2,0,14.6,0.1,0,0.1,0.355,3.3,8.1,11.4,0.1,
220,Emanuel Miller,25,CHI,PF,4,0,29,18.4,0.631,0.455,0.182,0,7,3.6,20.5,3.2,0,0,17,0.1,0,0.1,0.17,3.4,2.8,6.3,0.1,
221,Day'Ron Sharpe,24,BRK,C,21,0,337,16.4,0.618,0.207,0.644,14.2,25.9,19.7,16.9,2.5,3,25.4,19.1,0.1,0.4,0.5,0.073,-2.1,0.8,-1.3,0.1,
222,Domantas Sabonis,29,SAC,C,11,11,365,17.4,0.564,0.138,0.352,10.9,31.1,20.6,17.1,1.7,0.5,14.3,22.8,0.2,0.3,0.6,0.073,-0.8,-0.6,-1.4,0.1,
223,Mason Plumlee,35,CHO,C,9,1,72,13.4,0.817,0,2.25,9.6,26.5,18.2,16.2,2,0,38.6,7.5,0.1,0.1,0.2,0.108,-0.6,1.7,1.1,0.1,
224,Riley Minix,25,SAS,SF,3,0,8,45.7,0.75,0.5,0,14.2,13.8,14,32.8,6,0,0,31.8,0.1,0,0.1,0.417,18,7.1,25.1,0.1,
225,Seth Curry,35,GSW,SG,2,0,32,18.8,0.778,0.444,0,3.4,10.4,6.8,14.9,3,0,0,11.9,0.1,0,0.2,0.227,1.2,3.7,4.9,0.1,
226,Shaedon Sharpe,22,POR,SG,19,14,541,15.9,0.529,0.349,0.299,4.4,14.5,9.2,13.9,2.3,0.7,11.8,31.9,-0.1,0.5,0.3,0.03,-0.3,-1.3,-1.6,0.1,
227,Jase Richardson,20,ORL,SG,13,0,87,14.9,0.627,0.393,0.25,3.8,11.5,7.7,21.2,1.1,0,11.4,16.8,0.2,0.1,0.3,0.152,0.4,0.2,0.5,0.1,
228,Collin Murray-Boyles,20,TOR,PF,19,4,342,13.3,0.635,0.258,0.309,10.6,9.7,10.2,9.5,1.8,1.7,17.3,16.5,0.4,0.4,0.8,0.106,-1.2,-0.1,-1.3,0.1,
229,Andrew Nembhard,26,IND,PG,15,15,464,14.9,0.56,0.389,0.374,1.1,6,3.4,32.2,1.3,0.6,13.2,23.8,0.5,0.2,0.7,0.071,0.8,-2.4,-1.6,0.1,
230,JD Davison,23,HOU,PG,10,0,65,12,0.592,0.5,0.125,0,5,2.6,15.7,2.3,1.5,5.6,11.3,0.1,0.1,0.2,0.145,-1,2.1,1.2,0.1,
231,Corey Kispert,26,WAS,SF,17,2,338,14.1,0.657,0.65,0.282,1.9,11.2,6.5,12.2,1.1,0.8,8.7,15.7,0.6,-0.1,0.5,0.075,0.6,-2,-1.4,0,
232,Isaiah Jackson,24,IND,C,23,14,437,16.9,0.661,0,0.462,12.6,18.8,15.5,7.1,2,3.5,16.1,16,0.7,0.5,1.3,0.14,-1.9,0.3,-1.7,0,
233,Brooks Barnhizer,23,OKC,SG,16,0,120,10.6,0.56,0.143,0.238,5.9,22.5,14.8,7.2,1.2,1.7,7.9,9.1,0.1,0.3,0.4,0.152,-2.3,1.7,-0.5,0,
234,Ja'Kobe Walter,21,TOR,SG,21,6,352,9.7,0.559,0.642,0.168,5.8,8.8,7.3,6.2,3.1,0.8,12.8,14.1,0.1,0.5,0.6,0.077,-2.9,1.4,-1.5,0,
235,Tyler Kolek,24,NYK,PG,18,0,183,11.8,0.527,0.492,0.131,2.9,7.6,5.2,25.2,2.1,0.6,14.6,17.2,0.2,0.2,0.3,0.09,-1.5,0.5,-1,0,
236,Nick Smith Jr.,21,LAL,SG,9,0,133,14,0.597,0.518,0.107,0.9,7.8,4.5,15.5,2.5,1.5,15.8,22.7,0,0.1,0.1,0.044,0.4,-1,-0.6,0,
237,Trae Young,27,ATL,PG,5,5,139,16.7,0.511,0.371,0.557,0,7.9,4,39.9,1.4,0.7,10.3,29.6,0.1,0.1,0.3,0.088,0.8,-1.6,-0.7,0,
238,Danny Wolf,21,BRK,PF,8,0,123,14.9,0.625,0.556,0.311,5.3,25,14.5,18.5,0,0.8,16.4,21.4,0.2,0,0.2,0.072,0.6,-1.3,-0.7,0,
239,Kyle Filipowski,22,UTA,C,21,6,462,13.5,0.559,0.401,0.367,8.8,22.1,15.4,16.1,1,2.3,13.2,17.4,0.5,0.2,0.7,0.074,-1.3,-0.4,-1.7,0,
240,Dwight Powell,34,DAL,C,19,1,200,11.3,0.696,0,1.421,8.5,12,10.2,11.8,2.4,1.7,18.5,8,0.4,0.3,0.6,0.155,-4.1,2.8,-1.2,0,
241,Dillon Brooks,30,PHO,SF,17,17,533,15.4,0.562,0.41,0.225,3.1,8.6,5.8,9.8,2.5,0.4,10.8,29.6,0.2,0.5,0.7,0.064,-0.9,-0.9,-1.7,0,
242,Kenrich Williams,31,OKC,PF,5,0,71,12,0.689,0.444,0.111,1.7,14.7,8.6,13,0,0,9.6,12.8,0.1,0.1,0.2,0.167,0.6,-0.5,0.1,0,
243,Drew Timme,25,LAL,PF,2,0,8,27.5,0.5,0.5,0,15.8,14.5,15.1,50.1,6.1,0,0,10.8,0,0,0.1,0.323,8.8,7.6,16.5,0,
244,Ron Harper Jr.,25,BOS,SF,4,0,20,16.4,0.4,0.8,0,5.5,11.1,8.3,26.6,2.5,10.1,0,21.5,0,0,0.1,0.122,2,3.1,5.1,0,
245,Ethan Thompson,26,IND,SG,3,0,44,12.7,0.813,0.75,0,0,5,2.4,13.1,1.1,4.1,0,7.6,0.1,0,0.1,0.153,0.6,0.6,1.2,0,
246,Tyus Jones,29,ORL,PG,23,1,315,7.4,0.421,0.581,0.032,1.1,5.3,3.2,18.3,2.3,0.6,10,9.2,0,0.4,0.4,0.062,-3.4,1.8,-1.6,0,
247,Keon Ellis,26,SAC,SG,21,2,351,9.5,0.559,0.726,0.168,1.5,7.3,4.3,4.6,3.2,2.1,8.1,13.4,0,0.2,0.2,0.032,-3.1,1.4,-1.6,0,
248,Antonio Reeves,25,CHO,SG,5,0,50,12.8,0.656,0.625,0,2.3,9,5.7,6,1,0,0,13.4,0.1,0,0.1,0.115,0.2,0.3,0.5,0,
249,Blake Wesley,22,POR,SG,6,0,98,12.5,0.469,0.294,0.294,2.1,13.7,7.6,27.6,4.8,0.9,15.4,18.4,0,0.1,0.1,0.058,-4.4,3.7,-0.7,0,
250,Jonathan Mogbo,24,TOR,PF,10,0,48,13,0.455,0,0,11.8,20.8,16.4,15.8,1,6.2,8.3,10.6,0,0.1,0.1,0.124,-1,1.7,0.7,0,
251,De'Anthony Melton,27,GSW,PG,1,0,21,19.9,0.549,0.182,0.364,0,5.3,2.6,24.6,4.6,4.3,7.3,27.7,0,0,0.1,0.153,-1.3,5.4,4.1,0,
252,Asa Newell,20,ATL,PF,14,0,115,15.6,0.653,0.525,0.25,9.7,9.5,9.6,3.6,2.5,2.4,11.9,18.6,0.2,0.1,0.3,0.123,-0.4,-0.5,-0.9,0,
253,Bennedict Mathurin,23,IND,SF,12,12,392,15,0.614,0.445,0.445,2.9,15.8,9.1,11.7,1.1,0.5,15.2,25.9,0.2,0.3,0.5,0.059,0.3,-1.9,-1.6,0,
254,Kelly Olynyk,34,SAS,C,12,0,129,13.4,0.633,0.5,0.531,8.8,18,13.5,19.5,1.5,0,21.8,16.6,0.2,0.1,0.3,0.125,-1.5,0.5,-1.1,0,
255,Malaki Branham,22,WAS,SG,10,0,74,17.7,0.577,0.44,0.72,7.1,17,12,17.2,1.3,1.2,8.4,20.3,0.2,0,0.2,0.106,1,-1.4,-0.4,0,
256,Yanic Konan Niederhauser,22,LAC,C,11,0,57,21.3,0.692,0,0.556,14.3,15.9,15.1,8.9,0,5.1,11.8,19.5,0.2,0,0.2,0.148,1.4,-1.5,0,0,
257,Eric Gordon,37,PHI,SG,5,0,57,12.3,0.808,0.615,0,1.9,1.9,1.9,7.4,2.5,0,18.8,11.8,0.1,0,0.1,0.101,0.1,-0.2,-0.1,0,
258,Myron Gardner,24,MIA,SF,4,0,9,23.1,1.5,1,0,0,21.8,11.3,15.8,0,0,0,9,0.1,0,0.1,0.329,4.6,5.1,9.7,0,
259,Jevon Carter,30,CHI,PG,13,0,178,12.3,0.58,0.765,0.118,3,8,5.6,11.6,2.1,0,8.9,18.3,0.1,0.1,0.3,0.068,-0.8,-0.6,-1.4,0,
260,Trey Alexander,22,NOP,SG,3,0,37,14.9,0.778,0.333,0,0,12.8,6,15.9,1.3,2.8,10,11.3,0.1,0,0.1,0.124,0.7,0.5,1.2,0,
261,PJ Hall,23,MEM,C,7,0,27,19.1,0.63,0.333,0.333,11.9,23.7,17.8,11.3,0,7,8.8,17.5,0.1,0,0.1,0.17,1.5,0.3,1.8,0,
262,Christian Braun,24,DEN,SG,11,11,325,12.7,0.569,0.289,0.299,6.6,9.8,8.3,12.9,1.3,0.8,11.3,16.2,0.4,0.2,0.6,0.094,-0.7,-1.1,-1.8,0,
263,Bryce McGowens,23,NOP,SG,13,4,213,13.9,0.584,0.288,0.47,1.5,11.7,6.3,12.8,1.4,1.5,4.8,16.4,0.4,0,0.4,0.087,-0.7,-1,-1.6,0,
264,Noah Clowney,21,BRK,PF,22,16,617,12.5,0.604,0.686,0.425,2.8,12.9,7.6,10.2,1.1,2.4,13.1,19.7,0.5,0.2,0.7,0.053,-0.7,-1.2,-1.9,0,
265,Mac McClung,27,IND,SG,3,0,34,13.4,0.481,0.556,0.222,0,13,6.2,4.9,7,2.6,9.2,26.6,-0.1,0.1,0,0.01,-5.5,6.1,0.6,0,
266,Kyle Lowry,39,PHI,PG,3,0,24,13.2,0.75,1,0,0,4.6,2.3,21.6,2,0,0,7,0.1,0,0.1,0.18,0.5,1.1,1.6,0,
267,Jusuf Nurkić,31,UTA,C,21,16,510,13,0.494,0.203,0.327,10.3,31.8,20.9,22.3,3.1,1.5,23.9,18.4,-0.4,0.6,0.2,0.018,-3.4,1.6,-1.8,0,
268,Kobe Brown,26,LAC,PF,16,0,192,11.2,0.542,0.647,0.235,6,14.8,10.5,12.5,1.8,1,15.1,15.1,0.1,0.1,0.2,0.043,-0.9,-0.7,-1.6,0,
269,Harrison Ingram,23,SAS,SF,3,0,11,20.6,0.833,0.333,0,31,0,15.3,0,0,0,0,11.6,0.1,0,0.1,0.272,7.6,-2.7,4.9,0,
270,Jahmai Mashack,23,MEM,SG,1,0,6,29.2,0.75,1,0,0,35.6,17.8,0,0,0,0,27.8,0,0,0,0.207,8.5,0.4,9,0,
271,Justin Champagnie,24,WAS,SF,19,4,229,15.9,0.531,0.361,0.426,14.2,18.3,16.2,8.8,2.7,1.9,8.8,14.5,0.3,0.1,0.5,0.096,-0.7,-1,-1.8,0,
272,DaRon Holmes,23,DEN,PF,2,0,4,24.7,1.5,1,0,0,0,0,0,0,0,0,10.7,0,0,0,0.192,11,0.5,11.5,0,
273,Lonzo Ball,28,CLE,PG,18,3,424,9,0.418,0.832,0.106,4.3,17.3,10.6,26.1,2.3,1.1,21.8,14.7,-0.3,0.6,0.3,0.032,-3,1.1,-1.8,0,
274,Orlando Robinson,25,ORL,C,3,1,22,14.8,0.7,0.4,0,10.1,5,7.6,12.5,2.2,0,0,9.5,0.1,0,0.1,0.206,0.5,0.2,0.7,0,
275,Aaron Nesmith,26,IND,SF,11,11,335,12.3,0.518,0.565,0.265,5.2,10.6,7.8,7.8,1.3,0.8,4.6,21.4,0.2,0.2,0.4,0.055,-0.3,-1.7,-2,0,
276,Chaz Lanier,24,DET,SG,12,0,130,10.2,0.52,0.9,0.075,5.1,6.6,5.9,9.8,1.1,0,2.4,13.3,0.2,0.1,0.3,0.105,-0.3,-1.3,-1.6,0,
277,Al Horford,39,GSW,C,13,1,279,9.1,0.453,0.731,0.077,4.3,18.2,11.2,12.8,2.2,4.2,16.6,14.6,-0.3,0.5,0.2,0.034,-3.6,1.8,-1.8,0,
278,Garrett Temple,39,TOR,SG,4,0,17,9.9,0.515,0.667,0.667,0,13.1,6.6,7,5.6,5.8,20.5,12.1,0,0,0,0.068,-4.7,5.6,0.9,0,
279,Doug McDermott,34,SAC,SF,1,0,8,15.7,1,1,0,0,0,0,0,0,0,25,21.3,0,0,0,0.001,5.4,-1.6,3.7,0,
280,Luke Kennard,29,ATL,SG,21,0,433,11.1,0.621,0.605,0.184,2.8,7.3,5.1,14.7,1.9,0.2,15.1,14.2,0.4,0.4,0.8,0.084,-1.6,-0.3,-1.9,0,
281,Jacob Toppin,25,ATL,SF,5,0,17,15.3,0.667,0,0,0,6.4,3.2,9,0,5.4,0,15,0,0,0,0.121,-0.4,0.3,-0.1,0,
282,Jeff Green,39,HOU,PF,9,0,41,11.9,0.633,0.8,0,2.8,7.9,5.4,0,0,2.3,0,15.1,0.1,0,0.1,0.151,0.7,-2,-1.3,0,
283,Colby Jones,23,DET,SG,1,0,7,13,0.333,0.667,0,0,61.6,31.2,38.2,0,0,0,17.5,0,0,0,0.117,-3.2,5.5,2.2,0,
284,Trentyn Flowers,20,CHI,SF,1,0,1,27.9,,,,0,0,0,100,0,0,,0,0,0,0,0.396,12.2,9.4,21.5,0,
285,Kris Dunn,31,LAC,PG,23,17,596,11.4,0.591,0.384,0.181,3.7,8,5.9,14.6,3.1,0.6,15.8,13,0.4,0.4,0.8,0.065,-2.8,0.9,-1.9,0,
286,DeAndre Jordan,37,NOP,C,2,1,23,18.6,0.765,0,0.4,18.3,30.9,24.2,0,0,0,14.5,12.5,0.1,0,0.1,0.128,1.8,-2.8,-1.1,0,
287,Amari Williams,24,BOS,PF,6,0,31,9.4,0.521,0,1,7.1,17.8,12.4,3.7,1.6,6.5,0,4,0,0,0.1,0.121,-3.1,1.8,-1.3,0,
288,Joe Ingles,38,MIN,SF,6,0,23,5.2,0,1,0,0,0,0,29.5,2.1,0,0,3.7,0,0,0,0.062,-3.3,1.8,-1.5,0,
289,Ron Holland,20,DET,SF,23,5,487,10.7,0.509,0.379,0.213,4.1,12.6,8.4,10.2,3.8,1.2,15.5,18.4,-0.3,0.9,0.6,0.059,-4.1,2,-2.1,0,
290,Mark Sears,23,MIL,PG,7,0,26,15,0.666,0.615,0.615,4.5,4.4,4.4,11.9,0,0,19.5,34.7,0,0,0,0.02,2.3,-4.4,-2.1,0,
291,Bones Hyland,25,MIN,PG,14,0,119,12.4,0.596,0.61,0.098,1.9,12,7,21.1,2.4,0,17.4,18.3,0.1,0.1,0.2,0.09,-2.7,0.7,-2,0,
292,Koby Brea,23,PHO,SG,2,0,8,18.4,0.515,0.667,0.667,0,14.8,7.2,33.3,0,0,0,20.2,0,0,0,0.198,-0.7,-2.4,-3.1,0,
293,Jaylen Wells,22,MEM,SG,23,23,610,11.8,0.57,0.532,0.252,4.4,9.3,6.8,9.1,1.2,0.2,6.6,17.7,0.6,0.5,1.1,0.083,-1.2,-0.7,-2,0,
294,Isaiah Crawford,24,HOU,SF,1,0,3,0,,,,0,0,0,0,0,0,,0,0,0,0,0.016,-4.4,-1.3,-5.7,0,
295,Zach Collins,28,CHI,C,1,0,21,14.5,0.68,0.4,0.4,15.5,14.6,15,6.5,0,0,0,11.6,0.1,0,0.1,0.174,0.2,-2.7,-2.5,0,
296,Lindy Waters III,28,SAS,SG,11,0,82,8.4,0.543,0.913,0,2.8,14.8,8.9,7.9,1.2,0,4.2,12.4,0.1,0.1,0.1,0.085,-1.9,-0.3,-2.2,0,
297,Chris Livingston,22,CLE,SF,3,0,17,15.4,0.605,0.429,0.143,0,19.6,9.6,9.1,2.8,0,0,18.1,0,0,0.1,0.167,-4.8,2,-2.8,0,
298,Jonathan Isaac,28,ORL,PF,20,0,203,11.4,0.509,0.49,0.367,9.3,25.7,17.5,1.3,1.4,4.3,11,13.1,0,0.4,0.4,0.086,-2.6,0.5,-2.1,0,
299,Jaylen Clark,24,MIN,SG,20,0,297,10.5,0.543,0.539,0.316,8.4,8.5,8.5,3.9,2.6,0.6,6.5,13.1,0.3,0.3,0.6,0.101,-2.6,0.5,-2.1,0,
300,Wendell Moore Jr.,24,DET,SG,3,0,43,7.7,0.5,0.167,0,2.6,7.5,5.1,8.5,2.2,2.3,14.3,6.6,0,0.1,0.1,0.068,-3.8,1.3,-2.5,0,
301,D'Angelo Russell,29,DAL,PG,20,3,413,12.7,0.51,0.493,0.276,2.1,11.6,6.9,34.5,1,0.4,15.6,27.5,-0.3,0.4,0.1,0.007,-0.7,-1.4,-2.1,0,
302,Joan Beringer,19,MIN,PF,9,0,37,16.2,0.731,0,0.273,6.1,29.6,18.1,0,1.3,4.8,14,16.3,0.1,0.1,0.1,0.155,-4,1.3,-2.8,0,
303,Dalton Knecht,24,LAL,SF,19,1,301,11.4,0.576,0.564,0.149,3.8,10.8,7.4,5.6,1.1,2.2,6.9,16.6,0.2,0.2,0.4,0.068,-0.8,-1.3,-2.1,0,
304,Kasparas Jakucionis,19,MIA,PG,1,0,1,-22,0,0,0,0,0,0,0,45.7,0,0,81.3,0,0,0,-1.391,-63.1,20.3,-42.8,0,
305,Christian Koloko,25,LAL,C,2,0,6,-0.4,,,,0,19.3,10.1,0,0,0,,0,0,0,0,0.02,-6.5,-1.6,-8.1,0,
306,Tosan Evbuomwan,24,NYK,SF,2,0,5,2.6,0,0,0,21.4,23.2,22.2,0,0,0,0,8.3,0,0,0,-0.051,-6,-5.1,-11.1,0,
307,Isaiah Livers,27,PHO,PF,13,0,158,8,0.506,0.828,0.207,5.7,14.9,10.2,3.9,2.1,3,13.6,9.7,0,0.2,0.2,0.065,-3.3,1,-2.3,0,
308,Mohamed Diawara,20,NYK,SF,15,0,53,7.8,0.466,0.5,0.167,6,17.5,11.5,18.6,2.8,2,28,14.1,-0.1,0.1,0,0.022,-4.4,1.5,-2.9,0,
309,N'Faly Dante,24,ATL,C,4,0,15,12.5,0.338,0,0.25,22.3,29.2,25.7,0,6.3,0,18.4,15.4,0,0,0,0.05,-4.1,-1.1,-5.1,0,
310,Chris Mañon,24,LAL,SG,2,0,7,-0.6,0,1,0,0,33.1,17.3,0,0,13.8,0,6.2,0,0,0,-0.058,-11.9,2.4,-9.5,0,
311,Anthony Gill,33,WAS,PF,8,0,31,16.4,0.97,0.143,0.571,6.7,16.9,11.8,0,0,2.8,31.3,17.2,0,0,0,0.062,-1.5,-2.2,-3.7,0,
312,Luguentz Dort,26,OKC,SF,15,15,437,7.9,0.518,0.7,0.118,4.9,9.5,7.3,4.9,1.7,1.4,8,12.5,0.1,0.8,0.9,0.098,-2.9,0.7,-2.2,0,
313,Jose Alvarado,27,NOP,PG,22,0,478,12.5,0.576,0.639,0.102,2.2,13.1,7.3,18.5,2.1,0.2,13.5,17.5,0.4,0.1,0.5,0.046,-1.1,-0.9,-2.1,0,
314,Caleb Houstan,23,ATL,SF,8,0,43,11.8,0.698,0.769,0.231,10.4,2.5,6.4,6.2,1.1,2.1,21.8,18.1,0,0,0.1,0.071,-1,-2.5,-3.5,0,
315,Thomas Bryant,28,CLE,C,17,0,128,14.5,0.54,0.458,0.271,6.6,21.7,14,4.4,1.9,4.3,5.3,18.3,0.1,0.2,0.3,0.114,-2.4,-0.2,-2.5,0,
316,Jarred Vanderbilt,26,LAL,PF,14,2,257,10.7,0.548,0.28,0.38,9.3,26.6,18.3,10.4,2.6,1.9,27.4,13.5,-0.1,0.4,0.3,0.052,-3.2,0.9,-2.3,0,
317,Jaden Hardy,23,DAL,SG,19,0,203,11,0.579,0.634,0.237,2.1,9.8,6,7,0.9,0.8,12.7,24.4,-0.1,0.2,0.1,0.024,-1.1,-1.2,-2.3,0,
318,Curtis Jones,24,DEN,SG,2,0,3,15.6,0.333,0.333,0,40,35.5,37.6,0,0,0,0,42.6,0,0,0,-0.102,-10.7,-13,-23.8,0,
319,Keaton Wallace,26,ATL,PG,22,2,332,10.7,0.541,0.636,0.114,0.3,11.2,5.8,24.7,2.3,0.8,15.5,14,0.2,0.4,0.5,0.077,-2.8,0.7,-2.1,0,
320,Jaden Ivey,23,DET,SG,8,0,109,12.2,0.546,0.447,0.298,6.1,12.9,9.5,10.2,0.9,0.9,13.1,22.9,0,0.1,0.2,0.071,-1,-1.6,-2.7,0,
321,Charles Bassey,25,MEM,C,2,0,31,12.8,0.376,0,0.375,24.2,27.6,25.9,8.7,1.5,3.1,9.7,13.9,0,0,0.1,0.084,-3.4,-1,-4.4,0,
322,Toumani Camara,25,POR,PF,23,23,775,10,0.541,0.642,0.159,6.3,10.7,8.4,11.7,1.4,1.6,15.2,15.9,0.2,0.5,0.7,0.043,-1.3,-0.8,-2.1,0,
323,Miles Kelly,23,DAL,PG,2,0,11,2.7,0.5,0.5,0,9.6,28.4,19.1,0,0,0,33.3,11.5,0,0,0,-0.03,-9.5,0.5,-9,0,
324,Draymond Green,35,GSW,PF,20,20,563,8.3,0.496,0.612,0.138,3.1,20.8,11.8,27.1,1.3,2.7,27.1,16.6,-0.6,0.8,0.2,0.016,-3.9,1.8,-2.1,0,
325,Obi Toppin,27,IND,PF,3,0,82,12.2,0.526,0.472,0.25,3.7,23,12.9,9.7,1.7,0,13.1,23.3,-0.1,0.1,0,0.017,-2.3,-0.5,-2.8,0,
326,Jahmir Young,25,MIA,PG,4,0,17,8.5,0.5,0.4,0,0,5.8,3,25.6,0,0,9.1,26.3,0,0,0,-0.002,-4.3,-2.7,-7,0,
327,Maxime Raynaud,22,SAC,C,14,0,221,14.6,0.583,0.138,0.288,6.8,19.9,13.1,8.1,1.1,2.5,9.1,19.1,0.2,0.1,0.3,0.07,-1.7,-0.8,-2.5,0,
328,Jae'Sean Tate,30,HOU,SF,13,0,99,11.8,0.623,0.321,0.071,9.3,12,10.7,5.4,1.5,0,9.4,13.3,0.2,0.1,0.3,0.148,-2.7,-0.2,-2.9,0,
329,Dalen Terry,23,CHI,SG,12,0,127,10.2,0.499,0.364,0.212,5.1,12,8.7,16.6,3.3,2.7,20,14.7,-0.1,0.2,0.1,0.03,-4.6,1.9,-2.7,0,
330,Jeremy Sochan,22,SAS,PF,16,0,273,12.2,0.566,0.301,0.193,9.2,14.6,11.9,12.1,1.6,1,13.5,16.2,0.3,0.3,0.6,0.099,-2.2,-0.1,-2.3,0,
331,Elijah Harkless,25,UTA,SG,7,0,66,7.4,0.568,0.636,0.818,3.3,6.7,5,9.7,2.9,0,16.7,11.1,0,0,0.1,0.043,-5.1,1.7,-3.3,0,
332,Nicolas Batum,37,LAC,PF,23,2,448,7.9,0.572,0.943,0.08,2.8,12.9,7.9,5.4,2.3,2.2,15.1,10.4,0,0.3,0.3,0.037,-2.7,0.4,-2.2,0,
333,Bismack Biyombo,33,SAS,C,8,1,58,5,0.717,0,0.5,3.9,7.6,5.8,6.2,2.5,1.6,38.1,5.8,0,0.1,0.1,0.055,-5.5,1.9,-3.6,0,
334,Jaren Jackson Jr.,26,MEM,C,21,21,621,13.2,0.571,0.354,0.295,3.3,15.1,9.2,9.5,1.2,3,12,24.6,0,0.7,0.7,0.053,-2.2,0,-2.1,0,
335,Chucky Hepburn,22,TOR,PG,1,0,5,-12.2,0,0.667,0,0,22.2,11.2,0,9.6,0,0,25.4,-0.1,0,0,-0.436,-26.6,4.8,-21.9,0,
336,Precious Achiuwa,26,SAC,C,15,6,312,13.4,0.553,0.169,0.315,9.3,18.5,13.7,6.4,1.7,1.8,7.3,14.9,0.2,0.2,0.4,0.065,-1.6,-0.7,-2.3,0,
337,Trey Jemison,26,NYK,C,3,0,10,-1.7,,,,10.7,23.2,16.7,0,0,0,100,4.2,0,0,0,-0.049,-9.9,-1.7,-11.6,0,
338,Dario Šarić,31,SAC,C,3,0,28,5,0.425,0.4,0.4,3.8,16.5,9.9,8.7,0,0,14.5,10.4,0,0,0,-0.032,-3.7,-1.9,-5.6,0,
339,Chris Boucher,33,BOS,PF,8,0,91,7.7,0.379,0.545,0.182,2.4,19.4,10.9,4,2.8,7.8,4,11.7,-0.1,0.2,0.1,0.048,-5.9,2.7,-3.1,0,
340,LeBron James,41,LAL,SF,6,6,197,13.1,0.473,0.338,0.25,2.6,12.9,8,33.8,1,0.5,11,21.9,0.1,0.1,0.2,0.044,-0.7,-1.9,-2.6,0,
341,Hunter Dickinson,25,NOP,C,1,0,5,-11.2,0.5,0,0,0,0,0,0,0,21,50,33.5,-0.1,0,-0.1,-0.536,-27,0.3,-26.7,0,
342,Hugo González,19,BOS,SF,18,1,213,9.7,0.575,0.36,0.1,6.2,13,9.6,6,3.1,1.4,17.4,12.8,0,0.3,0.3,0.073,-3.9,1.4,-2.6,0,
343,Isaac Jones,25,2TM,PF,4,1,18,7.2,0.512,0.5,0.5,11.9,0,6.2,6.9,0,0,0,11.3,0,0,0,0.07,-6.3,-2.5,-8.8,0,
344,Trayce Jackson-Davis,25,GSW,C,13,1,152,14.2,0.544,0,0.564,14.9,13.8,14.4,12.5,1.3,4.2,14.1,15.8,0.2,0.2,0.4,0.117,-2.7,-0.1,-2.8,0,
345,Noa Essengue,19,CHI,PF,2,0,6,-12,0,0.667,0,0,0,0,0,7.8,0,0,20.8,-0.1,0,-0.1,-0.414,-20.9,-3.3,-24.3,0,
346,E.J. Liddell,25,BRK,PF,7,0,32,11.6,0.526,0.667,0.25,10.2,23,16.2,0,0,0,0,17.9,0,0,0,0.06,-1.7,-4.6,-6.3,0,
347,Gary Harris,31,MIL,SG,15,0,200,8.1,0.571,0.536,0.143,1.7,10.2,6,11,2.9,1,19,8.1,0.1,0.2,0.3,0.063,-4.2,1.6,-2.6,0,
348,Brandon Miller,23,CHO,SF,7,7,180,13.1,0.505,0.525,0.267,1.3,8.1,4.7,18.2,1.3,3.9,10.3,29.3,-0.1,0.1,0,0.007,-1.7,-1.3,-3,0,
349,Daeqwon Plowden,27,SAC,SG,1,0,14,-0.1,0.2,0.6,0,15.3,0,7.9,0,0,0,0,15.2,0,0,-0.1,-0.181,-7.2,-5.9,-13,0,
350,Pacome Dadiet,20,NYK,SG,9,0,22,3.4,0.291,0.5,0.333,0,26.3,12.6,10.6,0,0,0,13.1,0,0,0,-0.019,-7.4,-1.8,-9.2,0,
351,Marcus Smart,31,LAL,SG,14,9,375,10.4,0.555,0.612,0.311,3,7.1,5.2,14.3,3.2,1,18.7,16.6,0,0.4,0.4,0.049,-3.1,0.7,-2.4,0,
352,Brandon Ingram,28,TOR,SF,24,24,812,14.2,0.548,0.262,0.281,2.7,16.8,9.8,16.7,1.2,1.7,14,27.5,-0.3,1,0.7,0.039,-1.2,-1,-2.2,0,
353,Johnny Juzang,24,MIN,SG,8,0,22,4.5,0.455,0.778,0.222,5.2,10,7.6,6.1,0,0,9.2,20.8,0,0,0,-0.034,-5.8,-3.9,-9.6,0,
354,Sharife Cooper,24,WAS,PG,4,0,10,-9.8,0,1,0,0,0,0,0,0,0,50,8.3,0,0,-0.1,-0.28,-14.4,-5.8,-20.2,0,
355,Jalen Pickett,26,DEN,SG,9,1,56,7.5,0.547,0.5,0.063,4.3,9.5,7.1,15.4,0,0,19.6,15.6,0,0,0,0.014,-2.6,-2.7,-5.3,0,
356,Devin Carter,23,SAC,PG,8,0,65,6.9,0.366,0.524,0.238,4.9,16,10.3,17.7,4.4,1.4,20.5,19.1,-0.2,0.1,-0.1,-0.087,-6.7,1.9,-4.9,0,
357,Leonard Miller,22,MIN,SF,9,0,38,9.5,0.528,0.417,0.417,3,28.9,16.2,14.5,2.5,0,22,20.2,-0.1,0.1,0,0.021,-7.8,1,-6.8,0,
358,Jamal Cain,26,ORL,SF,5,0,31,5.7,0.45,0.625,0.25,7.2,7.2,7.2,8.4,1.5,2.8,18.4,14.6,0,0,0,0.003,-6.7,-1.3,-8,0,
359,CJ McCollum,34,WAS,SG,21,21,624,15,0.561,0.486,0.192,2,9.3,5.6,17.9,1.2,0.8,8.1,24.7,0.5,-0.2,0.4,0.029,0.7,-3,-2.3,0,
360,Oso Ighodaro,23,PHO,PF,23,5,400,10.1,0.572,0.012,0.313,5,18.3,11.5,12.6,2.1,3.3,22.2,12.7,0,0.5,0.5,0.063,-4.6,2.1,-2.5,0,
361,Luke Travers,24,CLE,SG,10,0,92,8.7,0.315,0.484,0.29,6.9,15.7,11.2,12,3.1,4,5.4,16.6,-0.1,0.2,0,0.007,-5.2,1.1,-4.2,-0.1,
362,Klay Thompson,35,DAL,SF,23,8,502,9.8,0.507,0.733,0.062,1.5,11,6.3,9.6,0.7,1.3,7.1,22.5,-0.4,0.5,0.1,0.005,-0.8,-1.5,-2.4,-0.1,
363,Julian Phillips,22,CHI,SF,20,2,206,9.9,0.53,0.519,0.077,7.9,6.4,7.1,3.8,2.3,2.1,3.6,11.2,0.2,0.2,0.3,0.073,-2.9,0,-2.9,-0.1,
364,Olivier-Maxence Prosper,23,MEM,PF,12,0,119,13.3,0.571,0.257,0.629,8.1,18,13,7.1,0.8,0.8,10.1,17.4,0.2,0.1,0.3,0.108,-2.3,-1.4,-3.7,-0.1,
365,Kyshawn George,22,WAS,SF,19,19,593,12.9,0.596,0.466,0.233,2.6,17.2,9.9,21.7,1.5,2.3,20.4,21.4,0,0.1,0.1,0.007,-1.3,-1.1,-2.3,-0.1,
366,Adou Thiero,21,LAL,SF,7,0,47,6.6,0.694,0,1,10.7,4.9,7.7,2.6,2.1,0,29.4,9.4,0,0,0.1,0.057,-5.4,-1.1,-6.5,-0.1,
367,Hunter Sallis,22,PHI,SG,6,0,25,2,0.595,0,0.4,0,4.4,2.2,21.8,0,3.7,46,18.2,-0.1,0,-0.1,-0.144,-7.7,-3,-10.7,-0.1,
368,Javonte Cooke,26,POR,SG,3,0,24,0.6,0.35,0.4,0,4.3,0,2.2,17.3,2,0,23.1,21.5,-0.1,0,-0.1,-0.181,-7.7,-3.6,-11.3,-0.1,
369,Maxi Kleber,34,LAL,PF,10,0,121,6.2,0.537,0.533,0.267,6.3,11.5,9,6,0.8,2.4,10.7,6.7,0.1,0.1,0.2,0.064,-3.7,-0.2,-3.8,-0.1,
370,James Wiseman,24,IND,C,1,1,20,5.4,0.667,0,0,20.4,0,10.6,0,0,4.5,50,12.5,0,0,0,-0.069,-8.8,-4.5,-13.3,-0.1,
371,Javon Small,23,MEM,PG,8,0,99,8.6,0.525,0.679,0.357,1.1,7.6,4.3,30.1,0,1,19.8,17,0,0,0.1,0.029,-2,-2.4,-4.4,-0.1,
372,Kevon Looney,29,NOP,C,12,6,155,10.9,0.449,0.212,0.182,13.5,20.6,16.9,14.6,1.2,3.4,14.4,11.2,0.1,0.1,0.1,0.045,-3.4,-0.2,-3.7,-0.1,
373,Andre Jackson Jr.,24,MIL,SG,10,0,64,7.2,0.346,0.533,0.133,5.4,7.1,6.3,26.8,3,1.5,20.1,13.7,-0.1,0.1,0,0.004,-5.7,-0.3,-6,-0.1,
374,Kyle Kuzma,30,MIL,PF,23,9,593,14.3,0.58,0.288,0.297,3.7,15.9,9.9,12.7,1.6,1.9,11.6,21.1,0.4,0.5,0.9,0.071,-1.7,-0.7,-2.4,-0.1,
375,Walter Clayton,22,UTA,PG,18,0,297,10.7,0.543,0.533,0.228,2.5,12,7.2,28.6,1.4,1.3,19.8,17.4,0.1,0.1,0.2,0.03,-2.2,-0.8,-2.9,-0.1,
376,Keshad Johnson,24,MIA,SF,8,0,91,9.2,0.443,0.455,0.212,9.3,16.1,12.9,1.4,1.5,3.9,7.7,17.5,-0.1,0.1,0.1,0.036,-4.6,-0.3,-4.9,-0.1,
377,Svi Mykhailiuk,28,UTA,SF,22,22,566,10,0.604,0.675,0.049,2.8,8.6,5.7,11.8,0.8,0.5,9.8,13.3,0.5,-0.1,0.5,0.041,-0.8,-1.6,-2.4,-0.1,
378,Garrison Mathews,29,IND,SG,8,1,106,8.4,0.597,0.917,0.583,1,6.3,3.5,5.2,1.3,0.8,9,13,0.1,0.1,0.1,0.062,-3.4,-1.1,-4.5,-0.1,
379,Taurean Prince,31,MIL,SF,8,0,169,7.7,0.623,0.737,0.079,0,8.7,4.4,6.1,1.7,1.1,11.3,11.5,0.1,0.1,0.2,0.049,-3.2,-0.3,-3.6,-0.1,
380,Hunter Tyson,25,DEN,PF,8,0,28,0.7,0.101,0.556,0.222,4.3,41.8,24.2,11.4,1.7,0,0,15,-0.1,0,-0.1,-0.116,-9.8,-1.9,-11.7,-0.1,
381,Brice Sensabaugh,22,UTA,SF,21,0,338,12.9,0.555,0.63,0.214,4.5,13.1,8.7,11.3,2.1,1.1,10.1,22.7,0.1,0.1,0.3,0.041,-1.1,-1.7,-2.8,-0.1,
382,Drake Powell,20,BRK,SG,15,0,287,10.7,0.621,0.423,0.254,1.5,9.8,5.4,15.9,2.2,0.6,17.7,14.4,0.2,0.1,0.3,0.051,-3.4,0.5,-3,-0.1,
383,Monte Morris,30,IND,PG,6,0,65,7.2,0.414,0.4,0.2,1.6,10.2,5.7,19.7,0.7,1.4,8.4,15.2,-0.1,0,0,-0.015,-4.6,-1.7,-6.3,-0.1,
384,Jamir Watkins,24,WAS,SG,6,1,51,8.6,0.658,0.444,0.222,4.1,12.3,8.2,7.8,0,1.7,9.2,8.9,0.1,0,0.1,0.051,-4.1,-3.3,-7.4,-0.1,
385,Nolan Traoré,19,BRK,PG,4,0,35,2.2,0.354,0.667,0.222,0,3.5,1.6,19.8,2.8,0,16.8,14.6,-0.1,0,-0.1,-0.08,-8.2,-1.9,-10.1,-0.1,
386,Cam Thomas,24,BRK,SG,8,8,226,15,0.546,0.341,0.424,1.4,4.3,2.8,17.1,0.9,0.4,9.3,32.8,0.1,0,0.1,0.012,0.7,-3.9,-3.3,-0.1,
387,Buddy Hield,33,GSW,SG,23,0,422,10.6,0.523,0.652,0.098,3.8,9.7,6.7,13.3,2.5,0.2,12.3,19.5,-0.1,0.5,0.4,0.042,-2.9,0.2,-2.7,-0.1,
388,Lachlan Olbrich,22,CHI,C,4,0,31,-1.8,0.2,0.4,0,7,19.7,13.6,11.4,0,0,28.6,9.4,-0.1,0,-0.1,-0.087,-11.2,-0.4,-11.6,-0.1,
389,Bogdan Bogdanović,33,LAC,SG,9,2,231,9.3,0.514,0.627,0.173,1.5,13.7,7.7,18.7,1.5,0.4,13.9,17.8,0,0.1,0.1,0.013,-2.3,-0.7,-3,-0.1,
390,Ousmane Dieng,22,OKC,C,15,0,175,7.1,0.484,0.479,0.125,2.7,12.5,7.9,8.6,0.3,2.9,10.6,14.1,-0.1,0.3,0.2,0.061,-3.6,-0.3,-3.9,-0.1,
391,Adem Bona,22,PHI,C,17,3,273,10.8,0.583,0.075,0.6,10.4,14.9,12.7,1.4,1.1,8.7,19.2,9.6,0.1,0.4,0.5,0.087,-4.4,1.2,-3.2,-0.1,
392,Spencer Jones,24,DEN,SF,18,7,278,10,0.691,0.529,0.275,9.5,5.7,7.5,5.2,1.6,1,16.1,10.4,0.4,0.2,0.6,0.1,-1.5,-1.6,-3.1,-0.1,
393,Tristan Vukcevic,22,WAS,C,18,1,195,14.2,0.58,0.395,0.461,4.8,15.6,10.2,13,1.7,4,17.2,23.6,0,0.1,0,0.008,-2.7,-1,-3.7,-0.1,
394,Egor Dёmin,19,BRK,PG,20,13,457,10.1,0.509,0.677,0.089,2.6,14.5,8.2,23.6,1.8,1.4,16.7,18.5,-0.2,0.2,0,0.003,-2.2,-0.6,-2.7,-0.1,
395,Dylan Cardwell,24,SAC,C,3,1,33,2.6,0.363,0.167,0.333,6.5,10.5,8.4,0,2.9,8.3,22.5,11.4,-0.1,0,0,-0.06,-12.4,0.5,-11.9,-0.1,
396,Bronny James,21,LAL,SG,13,1,124,6.3,0.408,0.452,0.065,4.1,4.7,4.4,21.3,3.5,0.8,25.7,15,-0.2,0.1,-0.1,-0.028,-4.8,0.2,-4.6,-0.1,
397,Cody Martin,30,IND,SF,4,0,55,3.1,0.277,0.5,0.6,1.9,26.2,13.5,4.7,3.5,3.3,24,12.6,-0.2,0.1,-0.1,-0.091,-10,2,-8,-0.1,
398,Justin Edwards,22,PHI,SF,20,5,344,9.2,0.545,0.639,0.102,3.8,8,5.9,11.2,1.8,1.3,13.8,15.9,0,0.3,0.4,0.05,-2.9,-0.2,-3.1,-0.1,
399,Zeke Nnaji,25,DEN,PF,13,1,110,7.5,0.65,0.55,0.35,4.4,14.5,9.7,3.3,1.3,2.5,23.3,11.7,0,0.1,0.1,0.043,-4.2,-0.9,-5.1,-0.1,
400,Ariel Hukporti,23,NYK,C,14,2,102,6.7,0.509,0,0.364,13.6,21.6,17.4,6.9,0.5,5.1,38.5,8.5,0,0.1,0.1,0.04,-6,0.6,-5.4,-0.1,
401,Rasheer Fleming,21,PHO,PF,12,0,68,8.2,0.411,0.593,0.185,11.5,13.9,12.7,3.9,2.1,2.8,9.3,19.7,-0.1,0.1,0,0.008,-5.4,-1.7,-7.1,-0.1,
402,Moussa Cisse,23,DAL,C,17,1,179,12.8,0.578,0,0.794,13.6,21,17.3,2.4,1.1,8.8,22.1,13.9,0,0.3,0.3,0.082,-5.6,1.8,-3.8,-0.1,
403,Zach LaVine,30,SAC,SG,20,20,661,13.8,0.61,0.469,0.235,1,9.6,5.1,11.1,1.1,0.6,11.9,23.7,0.3,0.1,0.4,0.025,-0.3,-2.2,-2.6,-0.1,
404,Mouhamed Gueye,23,ATL,PF,24,3,421,11.6,0.547,0.43,0.149,7.7,16.6,12.2,7.9,1.7,3.5,11.7,14.7,0.1,0.6,0.7,0.077,-3.2,0.4,-2.8,-0.1,
405,Chris Youngblood,23,OKC,SG,17,0,89,7.4,0.535,0.833,0.292,2.7,15.2,9.3,5.6,0.5,0,3.6,13.7,0.1,0.1,0.2,0.119,-5,-1,-6,-0.1,
406,Bobby Portis,30,MIL,PF,24,2,522,14.4,0.575,0.391,0.077,5.8,23.5,14.8,8.9,0.9,0.2,10.1,22.6,0.1,0.4,0.6,0.051,-0.4,-2.3,-2.7,-0.1,
407,Khaman Maluach,19,PHO,C,11,0,49,5.4,0.555,0.3,0.8,4.6,16.9,10.5,2.6,0,7.8,27,15.8,-0.1,0.1,0,-0.008,-9.8,0.3,-9.6,-0.1,
408,Cameron Johnson,29,DEN,SF,21,21,622,10.9,0.595,0.519,0.227,3.3,9.2,6.4,9.4,1.2,0.9,11.2,15.4,0.7,0.3,1,0.077,-0.9,-1.8,-2.7,-0.1,
409,Brandon Williams,26,DAL,PG,22,9,474,12.7,0.475,0.317,0.361,3.1,9,6.1,28.8,3,0.9,14.8,25.1,-0.5,0.7,0.1,0.015,-3.3,0.5,-2.8,-0.1,
410,Nikola Jović,22,MIA,PF,17,1,316,9,0.505,0.491,0.333,3.7,16.7,10.5,17.6,1.3,2,19.5,19.8,-0.3,0.5,0.1,0.02,-4.1,0.9,-3.3,-0.1,
411,Jahmyl Telfort,24,LAC,PF,8,0,32,-5.4,0.087,1,1,0,10.6,5.4,3.8,1.5,0,14.8,9.2,-0.1,0,-0.1,-0.176,-12.3,-1.9,-14.2,-0.1,
412,Rui Hachimura,27,LAL,PF,21,21,692,11.6,0.644,0.41,0.171,2.9,10.5,6.9,3.4,0.8,0.6,8.9,15.5,0.8,0.3,1.1,0.075,-0.3,-2.3,-2.6,-0.1,
413,Kentavious Caldwell-Pope,32,MEM,SG,23,13,502,9.2,0.508,0.51,0.235,1.9,9.4,5.7,19.1,1.4,0.9,15,16.1,-0.1,0.4,0.4,0.035,-2.8,0,-2.8,-0.1,
414,Will Riley,19,WAS,SF,15,0,141,10.9,0.529,0.293,0.244,7.4,12.7,10,12.8,1.3,0,13.4,15.5,0,0,0,0.005,-2.2,-2.7,-4.8,-0.1,
415,Gradey Dick,22,TOR,SG,24,0,395,10.6,0.552,0.55,0.29,2.6,10.7,6.7,5.3,1.9,0.5,6.9,17,0.2,0.5,0.6,0.077,-2.7,-0.4,-3.1,-0.1,
416,Kris Murray,25,POR,SF,21,2,522,8.2,0.518,0.406,0.17,7.7,9,8.3,5.8,2.2,0.7,14.9,10.2,0.1,0.3,0.5,0.042,-3.1,0.3,-2.8,-0.1,
417,Cam Christie,20,LAC,SG,16,0,184,10.5,0.484,0.475,0.459,5,17.2,11.2,7,1.6,1,7.6,18.9,0,0.1,0.1,0.018,-2.8,-1.5,-4.3,-0.1,
418,Drew Peterson,26,CHO,PF,4,0,53,1.1,0.168,0.786,0.143,4.4,10.6,7.5,4.8,2.7,1.6,0,11.8,-0.2,0,-0.1,-0.098,-8.8,-1.2,-10,-0.1,
419,Tyson Etienne,26,BRK,PG,8,0,34,-1.2,0.4,0.867,0,0,0,0,4.4,0,0,6.3,20.2,-0.1,0,-0.1,-0.144,-8.9,-5.7,-14.5,-0.1,
420,Brook Lopez,37,LAC,C,17,0,245,10,0.541,0.681,0.117,1.9,13.4,7.7,5.6,1,5.5,11.6,20,-0.2,0.2,0,-0.002,-2.9,-1,-3.8,-0.1,
421,Guerschon Yabusele,30,NYK,C,21,0,213,8.2,0.488,0.656,0.131,7,17.9,12.3,5.3,0.7,2,8.5,13.8,0,0.2,0.3,0.057,-3.2,-0.9,-4.1,-0.1,
422,Yang Hansen,20,POR,C,12,0,81,5.7,0.381,0.4,0.286,6.3,18,11.9,13.7,0,5.5,15.1,22.8,-0.2,0.1,-0.1,-0.088,-6.8,-0.8,-7.6,-0.1,
423,Bobi Klintman,22,DET,SF,6,0,53,4.1,0.381,0.524,0.143,10.5,22.4,16.5,9.9,1.8,0,18.3,21.1,-0.2,0.1,-0.1,-0.067,-8.6,-2.1,-10.7,-0.1,
424,Taylor Hendricks,22,UTA,PF,12,3,164,9.4,0.447,0.426,0.213,11.1,16.9,14,5,1.4,1.8,10.5,14.3,-0.1,0.1,0,0.004,-2.7,-2.2,-4.9,-0.1,
425,Amir Coffey,28,MIL,SG,17,0,138,6.4,0.535,0.435,0.13,3.4,8.2,5.8,7.2,0,0.7,3.9,8.1,0.1,0,0.1,0.044,-3.1,-2.3,-5.4,-0.1,
426,KJ Simpson,23,CHO,PG,10,0,136,7.4,0.441,0.38,0.2,2.5,13.2,8,26.1,3.6,0,24.9,22.3,-0.4,0.1,-0.2,-0.074,-5.9,0.5,-5.5,-0.1,
427,Jordan Poole,26,NOP,PG,7,4,212,11.1,0.535,0.596,0.323,1.5,5,3.2,16.8,0.5,1,11.7,25.3,0.1,-0.1,0,-0.004,-0.7,-3.6,-4.3,-0.1,
428,Johnny Furphy,21,IND,SG,5,0,69,1.5,0.5,0.5,0,1.5,12.9,6.9,1.9,1.4,0,28.6,8.4,-0.1,0,-0.1,-0.04,-8.2,-0.7,-9,-0.1,
429,Taelon Peter,23,IND,SG,15,0,106,4.1,0.385,0.931,0.172,3.8,12.5,8,17.8,0.9,1.7,22.4,15.8,-0.2,0.1,-0.2,-0.078,-5.2,-1.3,-6.5,-0.1,
430,Terance Mann,29,BRK,SG,20,20,527,11,0.544,0.407,0.236,6.2,8.6,7.3,20,1.3,0.5,12,14.3,0.6,0.1,0.7,0.06,-2,-1,-2.9,-0.1,
431,Jabari Walker,23,PHI,PF,21,5,284,11.2,0.573,0.41,0.192,10,18.6,14.3,6.3,0.5,1.9,11.5,14.1,0.3,0.3,0.6,0.096,-2.6,-1.1,-3.7,-0.1,
432,GG Jackson II,21,MEM,PF,8,0,54,5.1,0.313,0.429,0.321,6,21.8,13.9,5.2,3.5,1.8,5.9,26.2,-0.2,0.1,-0.1,-0.13,-9.7,-1.5,-11.2,-0.1,
433,Isaiah Collier,21,UTA,PG,14,1,300,12.3,0.619,0.188,0.681,1.1,9.6,5.3,35.1,1.1,1.6,25.7,16.4,0.3,0,0.3,0.048,-1.8,-1.8,-3.7,-0.1,
434,Tony Bradley,28,IND,C,21,3,248,14.2,0.622,0.014,0.414,14,9.8,12,8.1,0.4,1.4,9.8,15.4,0.5,0.1,0.6,0.123,-2.1,-1.9,-4.1,-0.1,
435,AJ Johnson,21,WAS,SG,9,0,43,-0.5,0.254,0.25,0.333,4.9,9.8,7.3,11.5,0,0,12.7,15.3,-0.1,0,-0.2,-0.183,-9.1,-4.8,-13.9,-0.1,
436,Julian Strawther,23,DEN,SG,9,0,71,7.6,0.462,0.533,0.433,0,21,11.1,7.2,0,1.3,7.7,23.2,-0.1,0,0,-0.025,-6.2,-3.1,-9.3,-0.1,
437,Johni Broome,23,PHI,C,6,0,39,2.4,0.23,0.15,0.2,16.8,19.8,18.3,13.6,2.5,0,8.4,25.5,-0.2,0.1,-0.1,-0.174,-10.4,-5,-15.4,-0.1,
438,Jericho Sims,27,MIL,C,18,2,241,10.9,0.843,0,0.269,11.6,20.3,16,6.3,0.6,2,30.9,7.7,0.4,0.2,0.5,0.109,-3.4,-0.9,-4.3,-0.1,
439,Jeremiah Fears,19,NOP,PG,23,21,639,14.2,0.54,0.26,0.253,2.5,11.9,6.9,17,2.6,0.7,13.6,25.6,-0.2,0.2,0,0.003,-1.5,-1.3,-2.9,-0.1,
440,Gabe Vincent,29,LAL,PG,11,6,248,5.8,0.536,0.784,0.137,2,3.3,2.7,10.1,1.2,0.4,10,10.5,0.1,0.1,0.2,0.042,-3.2,-1.1,-4.3,-0.1,
441,Tyrese Proctor,21,CLE,PG,18,0,223,9.6,0.494,0.656,0.226,1.4,9.9,5.6,15.2,1.3,0,6.4,20.2,0.1,0.2,0.3,0.054,-3.3,-1.3,-4.6,-0.1,
442,Dennis Schröder,32,SAC,PG,18,12,525,11.9,0.495,0.391,0.198,1.6,12.8,7,29.2,1.4,0.7,13.5,21.1,-0.2,0.1,0,-0.004,-1.6,-1.5,-3.1,-0.1,
443,Tyrese Martin,26,BRK,SG,22,6,467,10.8,0.487,0.57,0.128,5.3,13.4,9.1,18.5,1.7,0.6,11.7,18.9,-0.1,0.2,0.1,0.005,-1.9,-1.4,-3.3,-0.2,
444,RayJ Dennis,24,IND,PG,13,0,168,6.8,0.421,0.528,0.125,4.8,8.6,6.6,22.8,0.9,2.1,15.6,22.3,-0.3,0.1,-0.2,-0.07,-3.8,-1.7,-5.6,-0.2,
445,Sion James,23,CHO,SG,23,13,601,8.2,0.588,0.628,0.31,1.9,11.6,6.8,7.8,1.4,1.6,14.6,10.5,0.3,0.4,0.6,0.051,-3.2,0.2,-3,-0.2,
446,Liam McNeeley,20,CHO,SF,17,0,234,7.7,0.541,0.639,0.344,3.9,15.4,9.7,8.1,0.6,0.7,12.5,14.4,0.1,0.1,0.2,0.04,-3.5,-1.1,-4.6,-0.2,
447,Jared McCain,21,PHI,SG,13,0,239,8.7,0.482,0.531,0.061,0.9,11.1,6,13.7,2.2,0,10.7,19.8,-0.2,0.2,0,0.01,-4.1,-0.7,-4.8,-0.2,
448,Chris Paul,40,LAC,PG,16,0,228,8.1,0.413,0.536,0.036,3.1,10.9,7,31.5,2.4,0,22,14,-0.1,0.1,0,-0.002,-4.1,-0.7,-4.8,-0.2,
449,Terrence Shannon Jr.,25,MIN,SG,13,0,186,7.2,0.574,0.48,0.42,1.8,10.6,6.3,7.7,1,0,16.8,16.1,0,0.2,0.1,0.034,-4.7,-0.8,-5.5,-0.2,
450,Rayan Rupert,21,POR,SG,16,0,120,3.3,0.417,0.519,0.148,2.6,20.6,11.2,4.3,2.4,0.7,21.8,12.2,-0.2,0.1,-0.1,-0.04,-7.6,0.3,-7.4,-0.2,
451,Yves Missi,21,NOP,C,16,6,326,13.9,0.56,0,0.316,17.1,14.2,15.7,8.6,0.4,5.8,17.2,13.4,0.3,0,0.4,0.055,-1.9,-2.1,-4,-0.2,
452,Jordan Clarkson,33,NYK,SG,22,0,439,11.9,0.544,0.479,0.188,5.1,6.1,5.6,12.8,1,1.2,10.7,22.1,0.3,0.3,0.6,0.068,-1.6,-1.9,-3.5,-0.2,
453,Cam Whitmore,21,WAS,SF,21,0,354,13.7,0.528,0.331,0.183,5.6,11.6,8.6,6.7,2,2,9,23.7,-0.1,0,-0.1,-0.012,-1.5,-2.4,-3.8,-0.2,
454,Gui Santos,23,GSW,PF,16,1,122,6,0.504,0.684,0.158,9.7,11.8,10.7,7.1,1.6,0.7,21.3,17.9,-0.2,0.1,0,-0.013,-6.3,-1.2,-7.5,-0.2,
455,Zaccharie Risacher,20,ATL,SF,21,21,524,11.5,0.536,0.466,0.144,2.8,9,5.9,8.3,2,2.3,7.1,19.3,0,0.6,0.5,0.048,-2.9,-0.5,-3.4,-0.2,
456,Drew Eubanks,28,SAC,C,22,11,340,12.1,0.612,0.023,0.386,5.7,17,11.1,3.4,1.7,4.6,16.9,15.5,0,0.3,0.2,0.029,-3.9,-0.2,-4.1,-0.2,
457,Caleb Martin,30,DAL,SF,21,0,199,4.2,0.333,0.351,0.216,5.9,11.5,8.7,12.3,2.4,1.3,16.5,10.3,-0.2,0.3,0,0.008,-7.5,1.9,-5.6,-0.2,
458,Matas Buzelis,21,CHI,PF,22,22,632,12.7,0.571,0.424,0.277,4.5,16.6,10.7,8.1,1.3,4.2,14.7,20.6,-0.1,0.6,0.5,0.039,-2.8,-0.3,-3.1,-0.2,
459,Nigel Hayes-Davis,31,PHO,SF,17,0,152,4,0.352,0.333,0.056,6.6,10.1,8.3,5,2.2,0.6,14,11.8,-0.2,0.1,-0.1,-0.025,-6.5,-0.7,-7.2,-0.2,
460,Ace Bailey,19,UTA,SF,22,13,502,11.1,0.553,0.458,0.115,6.9,9.3,8.1,10.7,1.7,1.3,12.6,18.8,0.1,0.1,0.2,0.02,-1.9,-1.7,-3.6,-0.2,
461,Bruce Brown,29,DEN,SG,22,0,520,9.4,0.52,0.284,0.239,5.1,12.5,9,9.5,1.8,1.1,11.9,13.8,0.2,0.4,0.6,0.06,-2.9,-0.6,-3.5,-0.2,
462,Carter Bryant,20,SAS,PF,17,0,134,4.9,0.424,0.574,0.064,5.1,19,12.1,1,1.4,1.3,11,17.2,-0.2,0.2,-0.1,-0.027,-6,-2,-7.9,-0.2,
463,Ben Saraf,19,BRK,SG,11,5,183,6.8,0.479,0.537,0.278,3,8.7,5.7,24.3,2.2,1.5,26.6,19.4,-0.4,0.1,-0.3,-0.072,-4.8,-1.5,-6.3,-0.2,
464,Larry Nance Jr.,33,CLE,PF,16,2,240,6.4,0.43,0.508,0.046,5.7,14.8,10.2,10.6,1.8,1.5,11.9,13,-0.1,0.3,0.2,0.03,-5.8,0.4,-5.3,-0.2,
465,Bilal Coulibaly,21,WAS,SG,12,12,326,9.4,0.498,0.451,0.385,1.9,13.5,7.7,14.7,2.2,3.2,17.1,16.4,-0.2,0.1,-0.1,-0.021,-4.4,-0.1,-4.5,-0.2,
466,Darius Garland,26,CLE,PG,8,8,223,10.7,0.485,0.465,0.257,2.9,8,5.4,32.1,0.9,0.4,16.4,24.9,-0.1,0.1,0.1,0.015,-2.2,-3.4,-5.6,-0.2,
467,Cole Anthony,25,MIL,PG,22,0,355,11.2,0.471,0.294,0.125,3.3,15.7,9.6,37.3,2,1.9,20.7,26.3,-0.6,0.4,-0.2,-0.031,-3.8,-0.7,-4.5,-0.2,
468,Kobe Sanders,23,LAC,SG,15,3,304,8.3,0.571,0.536,0.286,3.1,8.6,5.8,9.8,1.6,0.6,17.5,16.5,0,0.1,0.1,0.01,-3.9,-1.1,-5,-0.2,
469,Nick Richards,28,PHO,C,22,2,215,12.1,0.56,0,0.467,15.1,23.6,19.2,4.5,0.5,4.9,21.7,17.9,0,0.3,0.2,0.051,-5,-1.2,-6.2,-0.2,
470,Khris Middleton,34,WAS,SF,16,16,413,11.9,0.566,0.294,0.191,4.8,12.2,8.5,19.6,1.3,1.3,16.4,17.8,0.2,0,0.1,0.014,-2.3,-2,-4.3,-0.2,
471,Ja Morant,26,MEM,PG,12,12,345,12.8,0.477,0.308,0.354,1.9,11.1,6.5,41.4,1.7,0.3,16.6,32.7,-0.5,0.3,-0.2,-0.022,-2.5,-2.2,-4.7,-0.2,
472,Isaac Okoro,25,CHI,SG,15,15,373,8.6,0.576,0.48,0.204,4.9,6.3,5.6,8.5,0.7,2.3,12.3,13.6,0.2,0.1,0.3,0.043,-3.3,-1.3,-4.6,-0.2,
473,Caleb Love,24,POR,SG,15,0,268,8.5,0.433,0.613,0.102,3.8,13.4,8.4,15.4,1.2,0,7.1,22.9,-0.2,0.1,-0.1,-0.011,-3.2,-2.5,-5.7,-0.3,
474,Jonathan Kuminga,23,GSW,PF,16,12,415,11.8,0.545,0.283,0.313,6.8,19.7,13.2,15.9,0.6,1.1,18.2,23.5,-0.3,0.5,0.2,0.021,-3,-1.4,-4.4,-0.3,
475,Patrick Williams,24,CHI,PF,21,1,440,8.4,0.507,0.546,0.191,3.5,12,7.9,7.8,2,1.2,12.6,16.5,-0.3,0.4,0,0.005,-3.7,-0.7,-4.3,-0.3,
476,Sidy Cissoko,21,POR,SF,18,9,326,6.2,0.518,0.553,0.237,3.8,8.6,6.1,9.8,1.3,0.5,15.2,12.1,0,0.1,0.2,0.022,-4.6,-0.7,-5.3,-0.3,
477,Rob Dillingham,21,MIN,PG,20,0,205,7.9,0.411,0.227,0.148,2.2,10.2,6.3,25.9,3.5,0.4,17.6,23.4,-0.5,0.3,-0.2,-0.042,-7.3,0.2,-7.1,-0.3,
478,Ochai Agbaji,25,TOR,SG,16,1,216,4.8,0.411,0.352,0.185,3.2,12.3,7.8,6.9,1.6,0.9,7.9,12.4,-0.2,0.2,0,0.011,-6.7,-0.3,-7,-0.3,
479,Nique Clifford,23,SAC,SG,18,2,291,6.3,0.447,0.463,0.269,4.1,13.1,8.4,13.2,1.1,1.6,12.8,12.6,-0.2,0.1,-0.1,-0.012,-5,-0.6,-5.6,-0.3,
480,Jeremiah Robinson-Earl,25,IND,PF,17,3,300,8.9,0.443,0.398,0.169,10.9,20.7,15.6,5.6,1.1,0.3,10.1,13.7,-0.1,0.2,0.2,0.026,-3.6,-1.9,-5.6,-0.3,
481,Tre Johnson,19,WAS,SG,15,4,364,10,0.565,0.521,0.11,2,11,6.5,8.1,0.8,1.7,13.6,20.3,-0.2,-0.1,-0.3,-0.036,-1.9,-3.1,-5,-0.3,
482,Micah Peavy,24,NOP,SG,19,1,314,9,0.465,0.32,0.144,7.4,10.2,8.7,9.4,1.8,0.7,8,14.9,0,0,0,0.003,-3.8,-1.6,-5.5,-0.3,
483,Bradley Beal,32,LAC,SG,6,6,121,5,0.476,0.396,0.167,1.9,2.8,2.4,12.4,1.2,0,14.9,21.9,-0.2,0,-0.2,-0.087,-6.7,-4.2,-10.9,-0.3,
484,Ziaire Williams,24,BRK,SF,19,2,444,9.3,0.547,0.72,0.26,3.7,10.2,6.7,4.9,1.6,1.9,11.6,18.3,-0.1,0.2,0.1,0.006,-3.1,-1.7,-4.7,-0.3,
485,John Collins,28,LAC,PF,23,14,620,12.6,0.573,0.306,0.239,6,15,10.5,4,1.4,2.3,12.5,19.8,0.1,0.4,0.4,0.033,-2.4,-1.7,-4.1,-0.3,
486,Cody Williams,21,UTA,SG,12,0,149,0,0.335,0.5,0.083,2.2,5.2,3.7,5.2,1,1.3,11.8,11.6,-0.3,0,-0.3,-0.099,-8.4,-2.9,-11.3,-0.3,
487,Jalen Wilson,25,BRK,PF,17,0,256,5.6,0.51,0.684,0.266,0.8,7.7,4.1,6.4,0.8,0,10.2,16.5,-0.1,0,-0.2,-0.03,-4.5,-2.7,-7.2,-0.3,
488,Ben Sheppard,24,IND,SG,22,11,549,7.3,0.46,0.599,0.129,3.3,14.5,8.7,11,1.2,0.5,8.8,12.9,-0.2,0.4,0.2,0.018,-4,-0.4,-4.4,-0.3,
489,Jordan Hawkins,23,NOP,SG,19,0,297,6.4,0.447,0.55,0.108,2.5,10.8,6.4,8.5,0.5,0.7,7.2,17.6,-0.3,-0.1,-0.3,-0.054,-3.4,-3.4,-6.8,-0.4,
490,Herbert Jones,27,NOP,SF,16,16,484,7.9,0.503,0.489,0.163,3.3,11,6.9,10.5,2.3,0.9,14.7,15.3,-0.2,0.1,-0.1,-0.013,-4.3,-0.8,-5.1,-0.4,
491,Tre Mann,24,CHO,PG,18,1,370,7.4,0.459,0.511,0.075,3.7,11.5,7.7,19.7,1.4,0.5,15.9,24.2,-0.7,0.2,-0.5,-0.059,-4.6,-2.1,-6.7,-0.4,
492,Gary Trent Jr.,27,MIL,SG,24,14,665,8.1,0.548,0.722,0.136,0.3,5.1,2.8,8.7,1.5,0.3,8.7,15.2,0,0.3,0.3,0.02,-3.1,-1.6,-4.7,-0.5,
493,Jarace Walker,22,IND,PF,23,12,607,7.5,0.471,0.507,0.263,2.2,18.4,10,12.2,1.1,1.5,15.9,19.4,-1,0.5,-0.5,-0.036,-4.1,-1.1,-5.2,-0.5,
494,Bub Carrington,20,WAS,PG,21,5,528,5,0.461,0.51,0.126,1.6,12.9,7.2,20.8,0.8,0.3,23.7,15.6,-0.8,-0.1,-0.9,-0.084,-5.4,-2.8,-8.2,-0.8,
,League Average,,,,,,,,0.583,0.416,0.28,5.2,14.8,10,16.2,1.7,1.8,12.5,19.9,,,,,,,,,